,样本量,均值,标准差,最小值,P25,中位数,P75,最大值
Dig,2100.0,4.8135,0.3934,3.4012,4.5643,4.8714,5.118,5.5413
Dig_share,2100.0,28.9408,7.7644,8.3095,23.478,29.2897,34.9472,48.9362
Dig_ent,2100.0,0.4092,0.1624,0.0492,0.2833,0.4029,0.5323,0.8508
Patent,2100.0,1.2471,0.7088,0.0,0.6931,1.3863,1.7918,4.2627
size,2100.0,22.8755,1.8099,17.1026,21.6208,22.8895,24.0536,29.1251
lev,2100.0,0.4469,0.1791,0.05,0.3192,0.4466,0.5707,0.95
roa,2100.0,0.0461,0.0555,-0.1509,0.0068,0.0469,0.0847,0.2329
growth,2100.0,0.106,0.2628,-0.6,-0.0691,0.106,0.2818,1.1494
age,2100.0,15.7167,6.8561,2.0,10.0,16.0,22.0,29.0
board,2100.0,9.0595,1.7815,5.0,8.0,9.0,10.0,15.0
dual,2100.0,0.289,0.4534,0.0,0.0,0.0,1.0,1.0
soe,2100.0,0.3733,0.4838,0.0,0.0,0.0,1.0,1.0
