firm_id,year,freq_AI,freq_BD,freq_CC,freq_BC,freq_APP,freq_total,n_tokens
1,2016,26,23,12,10,27,98,436
1,2017,34,29,32,19,30,144,413
1,2018,29,41,30,24,37,161,520
1,2019,50,30,32,21,38,171,448
1,2020,42,41,32,21,50,186,502
1,2021,49,45,36,32,59,221,517
1,2022,46,55,44,29,55,229,540
2,2016,13,10,22,8,16,69,395
2,2017,17,14,18,13,18,80,417
2,2018,22,11,15,10,10,68,406
2,2019,25,21,19,9,33,107,389
2,2020,19,24,22,7,18,90,355
2,2021,17,28,19,13,33,110,394
2,2022,32,34,22,12,23,123,433
3,2016,12,15,15,13,17,72,387
3,2017,20,12,16,8,15,71,371
3,2018,19,19,15,13,18,84,448
3,2019,28,23,18,19,28,116,440
3,2020,23,28,21,15,23,110,359
3,2021,27,30,28,13,27,125,431
3,2022,26,31,28,14,40,139,486
4,2016,24,33,31,25,38,151,434
4,2017,35,40,29,17,35,156,460
4,2018,29,33,30,18,33,143,410
4,2019,45,38,29,26,51,189,477
4,2020,47,56,33,22,38,196,493
4,2021,32,58,20,21,41,172,495
4,2022,44,42,38,27,47,198,536
5,2016,29,27,27,19,32,134,458
5,2017,13,37,22,13,31,116,447
5,2018,32,35,26,14,35,142,448
5,2019,30,33,25,25,41,154,425
5,2020,36,50,38,20,37,181,500
5,2021,33,44,26,33,47,183,506
5,2022,36,44,44,26,41,191,479
6,2016,14,22,18,14,17,85,368
6,2017,20,19,10,11,26,86,395
6,2018,16,21,20,13,27,97,396
6,2019,35,28,30,23,39,155,443
6,2020,37,44,23,23,48,175,491
6,2021,34,45,37,29,46,191,496
6,2022,42,46,33,17,57,195,514
7,2016,17,19,12,13,20,81,400
7,2017,25,32,23,11,21,112,457
7,2018,21,15,14,17,28,95,418
7,2019,27,31,27,14,43,142,436
7,2020,32,32,27,17,27,135,450
7,2021,18,34,26,11,25,114,422
7,2022,27,25,24,18,25,119,463
8,2016,27,22,9,15,19,92,416
8,2017,15,9,10,14,15,63,380
8,2018,21,19,18,8,17,83,369
8,2019,19,15,19,13,22,88,380
8,2020,20,26,27,11,33,117,397
8,2021,29,38,29,24,27,147,443
8,2022,32,43,20,19,38,152,447
9,2016,38,40,31,32,53,194,475
9,2017,33,39,34,24,51,181,455
9,2018,39,42,33,22,45,181,447
9,2019,48,51,35,21,51,206,506
9,2020,43,56,48,33,70,250,572
9,2021,59,60,48,38,48,253,517
9,2022,53,44,31,17,47,192,511
10,2016,17,20,21,12,28,98,402
10,2017,17,16,16,17,15,81,356
10,2018,17,15,14,7,12,65,383
10,2019,35,30,20,11,30,126,445
10,2020,34,29,33,13,27,136,408
10,2021,31,40,21,20,43,155,463
10,2022,31,41,32,19,46,169,447
11,2016,11,12,6,14,10,53,373
11,2017,13,13,5,9,9,49,335
11,2018,3,9,6,4,7,29,349
11,2019,7,10,10,5,7,39,361
11,2020,12,12,10,9,10,53,325
11,2021,7,20,15,9,14,65,336
11,2022,21,14,14,7,17,73,342
12,2016,34,31,28,14,37,144,463
12,2017,27,50,33,31,42,183,523
12,2018,30,43,36,22,45,176,498
12,2019,35,53,30,26,51,195,475
12,2020,42,46,40,23,43,194,507
12,2021,31,52,40,14,33,170,532
12,2022,38,46,32,28,39,183,463
13,2016,22,26,16,11,20,95,396
13,2017,23,28,15,15,35,116,398
13,2018,21,25,14,12,28,100,424
13,2019,23,34,23,16,37,133,459
13,2020,40,36,35,21,39,171,526
13,2021,46,37,35,23,33,174,449
13,2022,46,46,41,29,50,212,506
14,2016,19,22,19,13,25,98,438
14,2017,19,23,27,16,21,106,455
14,2018,24,30,20,15,25,114,446
14,2019,32,33,31,22,42,160,472
14,2020,34,32,24,16,34,140,458
14,2021,31,39,28,25,41,164,495
14,2022,39,37,23,25,40,164,510
15,2016,22,22,22,18,29,113,419
15,2017,28,21,17,12,32,110,409
15,2018,22,16,16,11,24,89,361
15,2019,26,39,31,20,36,152,475
15,2020,38,44,29,16,41,168,467
15,2021,29,49,37,18,56,189,481
15,2022,35,43,45,12,39,174,449
16,2016,25,9,12,9,15,70,329
16,2017,19,9,14,8,17,67,410
16,2018,14,17,14,10,28,83,366
16,2019,29,30,24,18,41,142,429
16,2020,34,41,25,18,40,158,455
16,2021,19,42,26,10,48,145,468
16,2022,40,42,24,20,35,161,415
17,2016,15,19,18,14,25,91,438
17,2017,27,29,27,8,23,114,465
17,2018,28,16,11,14,24,93,449
17,2019,33,40,26,13,29,141,506
17,2020,32,36,37,28,37,170,483
17,2021,23,30,29,9,35,126,461
17,2022,34,36,29,17,33,149,455
18,2016,15,23,12,14,20,84,423
18,2017,19,23,19,21,28,110,438
18,2018,21,29,21,17,34,122,457
18,2019,27,41,37,22,49,176,444
18,2020,32,34,26,22,38,152,509
18,2021,28,39,29,17,50,163,476
18,2022,39,33,27,24,30,153,482
19,2016,17,17,9,13,20,76,428
19,2017,14,27,20,13,18,92,429
19,2018,9,13,10,10,18,60,407
19,2019,22,16,15,14,21,88,409
19,2020,19,10,16,12,21,78,404
19,2021,30,19,18,11,20,98,417
19,2022,22,24,23,10,24,103,438
20,2016,28,27,15,13,31,114,472
20,2017,19,28,28,17,23,115,408
20,2018,22,19,26,14,40,121,447
20,2019,36,45,20,14,40,155,434
20,2020,39,37,36,25,44,181,448
20,2021,28,39,40,14,45,166,513
20,2022,28,51,25,18,37,159,451
21,2016,13,16,8,8,11,56,388
21,2017,20,28,28,14,25,115,406
21,2018,25,33,19,12,25,114,447
21,2019,31,36,31,22,40,160,451
21,2020,34,40,31,33,32,170,484
21,2021,44,41,35,26,50,196,525
21,2022,33,42,32,22,48,177,515
22,2016,37,37,18,22,28,142,497
22,2017,26,27,18,13,28,112,416
22,2018,27,26,25,18,43,139,494
22,2019,44,41,44,28,54,211,532
22,2020,40,57,44,24,45,210,486
22,2021,49,52,31,23,52,207,536
22,2022,48,50,38,27,56,219,491
23,2016,8,16,17,5,14,60,367
23,2017,12,19,6,6,23,66,421
23,2018,13,18,11,8,21,71,381
23,2019,13,16,17,6,16,68,398
23,2020,23,19,18,17,28,105,380
23,2021,14,21,20,18,23,96,354
23,2022,34,40,27,18,41,160,514
24,2016,16,15,15,9,12,67,339
24,2017,24,20,18,14,17,93,354
24,2018,14,36,20,12,19,101,380
24,2019,24,30,14,16,33,117,405
24,2020,22,35,23,20,28,128,399
24,2021,28,33,20,23,42,146,405
24,2022,27,33,22,14,32,128,439
25,2016,19,21,17,16,21,94,413
25,2017,24,33,24,14,34,129,452
25,2018,16,19,18,11,27,91,385
25,2019,27,30,27,11,32,127,410
25,2020,21,28,30,15,25,119,465
25,2021,23,42,30,23,44,162,449
25,2022,32,40,36,12,44,164,484
26,2016,25,26,23,9,39,122,444
26,2017,26,34,25,13,33,131,431
26,2018,30,35,27,24,48,164,445
26,2019,36,47,42,22,52,199,484
26,2020,30,34,35,19,50,168,493
26,2021,33,48,36,35,52,204,486
26,2022,31,45,43,23,36,178,505
27,2016,8,14,13,13,15,63,363
27,2017,25,22,18,14,18,97,386
27,2018,23,25,27,12,25,112,419
27,2019,33,43,24,16,36,152,459
27,2020,31,52,28,23,44,178,457
27,2021,42,47,40,17,48,194,467
27,2022,40,36,22,20,53,171,467
28,2016,16,24,17,11,18,86,412
28,2017,18,18,11,14,23,84,403
28,2018,25,26,14,9,29,103,437
28,2019,17,23,22,15,25,102,416
28,2020,26,27,22,17,34,126,451
28,2021,39,37,31,20,33,160,516
28,2022,30,48,30,18,49,175,483
29,2016,27,16,14,13,18,88,370
29,2017,25,26,22,16,29,118,487
29,2018,26,40,29,21,26,142,469
29,2019,19,24,29,18,48,138,408
29,2020,38,36,33,18,45,170,471
29,2021,46,39,30,35,40,190,469
29,2022,42,37,33,22,54,188,490
30,2016,13,21,16,14,23,87,382
30,2017,18,19,24,15,18,94,370
30,2018,16,29,16,11,22,94,444
30,2019,21,22,18,17,27,105,402
30,2020,29,32,23,20,30,134,491
30,2021,18,21,20,12,22,93,410
30,2022,37,19,22,18,39,135,478
31,2016,21,23,14,13,23,94,444
31,2017,22,30,17,18,21,108,408
31,2018,34,27,21,21,29,132,454
31,2019,25,30,16,20,31,122,432
31,2020,33,33,25,13,44,148,419
31,2021,34,27,29,18,51,159,524
31,2022,44,31,35,16,47,173,450
32,2016,14,15,17,10,21,77,365
32,2017,26,23,22,14,21,106,406
32,2018,22,37,20,12,43,134,491
32,2019,33,42,29,20,43,167,495
32,2020,41,48,44,20,42,195,469
32,2021,55,47,46,27,61,236,532
32,2022,39,66,44,27,63,239,575
33,2016,25,37,23,16,25,126,428
33,2017,19,30,16,16,23,104,463
33,2018,34,29,12,17,31,123,439
33,2019,22,32,25,19,37,135,413
33,2020,30,37,30,18,39,154,463
33,2021,31,31,28,18,45,153,491
33,2022,26,36,23,16,42,143,496
34,2016,12,24,19,8,34,97,448
34,2017,15,20,10,13,18,76,404
34,2018,24,30,24,14,21,113,431
34,2019,33,40,18,16,28,135,442
34,2020,27,29,21,18,33,128,432
34,2021,31,30,21,18,42,142,420
34,2022,27,33,39,18,36,153,433
35,2016,22,28,19,14,25,108,425
35,2017,17,24,23,12,27,103,414
35,2018,13,35,20,13,19,100,394
35,2019,21,20,23,10,30,104,371
35,2020,23,13,22,12,27,97,372
35,2021,33,29,22,13,34,131,438
35,2022,21,27,36,12,31,127,462
36,2016,18,35,24,10,39,126,403
36,2017,38,34,37,19,39,167,436
36,2018,19,24,21,14,33,111,434
36,2019,38,30,22,18,34,142,488
36,2020,38,38,34,26,50,186,486
36,2021,30,49,28,30,38,175,523
36,2022,39,41,34,17,42,173,448
37,2016,18,27,22,13,20,100,450
37,2017,19,30,32,24,36,141,445
37,2018,23,30,24,14,30,121,411
37,2019,26,41,20,16,53,156,444
37,2020,42,36,33,18,43,172,499
37,2021,27,50,39,22,45,183,526
37,2022,29,40,31,22,44,166,507
38,2016,6,7,9,11,8,41,373
38,2017,11,10,7,2,8,38,331
38,2018,11,10,11,10,18,60,394
38,2019,18,19,12,14,22,85,443
38,2020,18,15,15,8,23,79,336
38,2021,20,21,16,14,21,92,421
38,2022,25,27,22,13,21,108,412
39,2016,23,19,15,12,12,81,427
39,2017,10,11,10,4,7,42,378
39,2018,8,8,15,9,11,51,372
39,2019,18,18,15,6,11,68,398
39,2020,22,22,18,9,16,87,377
39,2021,18,21,21,13,35,108,375
39,2022,29,30,29,13,20,121,436
40,2016,28,20,26,12,30,116,424
40,2017,39,29,35,21,37,161,477
40,2018,28,31,24,14,35,132,431
40,2019,34,44,42,24,50,194,531
40,2020,39,45,34,22,39,179,496
40,2021,46,53,33,25,60,217,515
40,2022,54,60,48,25,52,239,575
41,2016,16,10,9,7,15,57,361
41,2017,17,22,12,13,16,80,406
41,2018,10,14,13,7,21,65,355
41,2019,23,17,17,8,21,86,391
41,2020,14,14,11,8,16,63,372
41,2021,29,17,20,16,31,113,448
41,2022,21,29,26,18,32,126,402
42,2016,12,24,18,11,14,79,341
42,2017,13,12,14,11,14,64,410
42,2018,14,23,17,12,29,95,434
42,2019,28,30,20,14,27,119,449
42,2020,35,21,38,26,48,168,496
42,2021,21,35,30,24,49,159,483
42,2022,31,35,30,21,45,162,443
43,2016,19,22,20,7,23,91,370
43,2017,17,23,18,10,16,84,426
43,2018,18,39,22,12,28,119,405
43,2019,35,36,20,12,34,137,408
43,2020,39,56,27,18,37,177,475
43,2021,33,36,25,15,33,142,413
43,2022,48,45,34,23,45,195,514
44,2016,7,9,10,15,12,53,341
44,2017,14,9,13,3,14,53,384
44,2018,18,33,16,7,18,92,448
44,2019,20,31,19,13,28,111,447
44,2020,27,25,18,18,24,112,449
44,2021,24,40,25,24,29,142,446
44,2022,31,29,23,13,26,122,451
45,2016,43,40,39,30,51,203,499
45,2017,44,42,43,14,46,189,547
45,2018,32,50,39,18,49,188,524
45,2019,35,47,48,28,54,212,524
45,2020,56,75,42,18,54,245,509
45,2021,52,57,46,16,51,222,495
45,2022,44,59,35,31,62,231,529
46,2016,17,14,16,14,15,76,419
46,2017,23,23,14,9,27,96,366
46,2018,21,24,23,13,31,112,405
46,2019,28,33,23,12,48,144,512
46,2020,17,28,26,16,24,111,473
46,2021,33,36,32,14,29,144,469
46,2022,27,26,24,20,35,132,426
47,2016,24,25,21,16,40,126,411
47,2017,26,32,28,14,35,135,438
47,2018,31,41,27,21,33,153,441
47,2019,28,32,33,24,44,161,498
47,2020,36,26,28,18,34,142,482
47,2021,37,50,32,17,40,176,449
47,2022,51,44,30,21,37,183,519
48,2016,7,16,6,9,13,51,385
48,2017,10,8,8,11,10,47,343
48,2018,13,14,13,12,15,67,416
48,2019,23,19,21,5,24,92,361
48,2020,14,27,16,10,24,91,380
48,2021,21,23,21,17,22,104,383
48,2022,30,27,20,15,23,115,459
49,2016,26,28,24,17,20,115,444
49,2017,25,28,30,20,28,131,394
49,2018,21,26,20,16,23,106,393
49,2019,38,32,33,23,40,166,521
49,2020,27,29,36,14,43,149,483
49,2021,22,42,28,25,34,151,487
49,2022,32,43,25,17,38,155,458
50,2016,13,13,19,9,15,69,423
50,2017,24,16,20,11,14,85,382
50,2018,27,23,25,18,23,116,472
50,2019,25,29,20,17,28,119,391
50,2020,21,35,19,24,39,138,456
50,2021,32,40,37,16,39,164,492
50,2022,25,30,26,22,33,136,412
51,2016,26,30,34,9,27,126,428
51,2017,23,41,26,21,35,146,430
51,2018,30,29,23,14,31,127,437
51,2019,41,39,31,18,56,185,493
51,2020,41,40,32,24,41,178,462
51,2021,41,41,39,20,44,185,453
51,2022,38,46,23,22,39,168,511
52,2016,30,34,16,14,25,119,426
52,2017,35,28,27,14,27,131,451
52,2018,27,26,21,13,43,130,412
52,2019,25,32,24,23,25,129,469
52,2020,32,29,34,24,48,167,516
52,2021,40,36,34,20,48,178,477
52,2022,27,25,22,21,45,140,446
53,2016,33,32,23,17,29,134,426
53,2017,31,38,19,28,29,145,491
53,2018,33,36,32,14,44,159,452
53,2019,38,44,32,26,44,184,486
53,2020,31,40,37,34,66,208,558
53,2021,49,43,35,18,54,199,526
53,2022,43,63,49,27,55,237,579
54,2016,22,16,26,12,30,106,402
54,2017,27,31,29,15,30,132,444
54,2018,35,26,24,17,37,139,427
54,2019,28,43,32,30,44,177,498
54,2020,42,38,35,20,54,189,480
54,2021,55,34,32,30,52,203,463
54,2022,41,46,40,27,47,201,455
55,2016,23,27,28,19,31,128,483
55,2017,28,36,23,25,29,141,486
55,2018,35,22,29,17,30,133,468
55,2019,39,39,32,26,38,174,462
55,2020,37,52,52,22,48,211,476
55,2021,40,47,39,22,56,204,507
55,2022,42,54,50,26,55,227,541
56,2016,30,32,26,18,28,134,480
56,2017,42,52,25,31,36,186,484
56,2018,36,37,32,26,41,172,453
56,2019,42,56,42,23,52,215,501
56,2020,54,53,44,30,57,238,567
56,2021,46,55,30,34,50,215,540
56,2022,44,50,37,26,57,214,541
57,2016,19,22,21,13,24,99,373
57,2017,13,17,12,11,14,67,350
57,2018,19,18,14,12,18,81,413
57,2019,28,29,14,18,18,107,378
57,2020,19,21,22,10,26,98,428
57,2021,25,28,23,16,33,125,476
57,2022,27,42,28,13,25,135,459
58,2016,31,30,19,18,31,129,423
58,2017,28,38,20,13,30,129,414
58,2018,22,36,29,8,31,126,489
58,2019,41,40,36,18,47,182,508
58,2020,35,45,33,21,39,173,446
58,2021,38,46,37,26,45,192,524
58,2022,30,40,31,19,48,168,428
59,2016,10,7,5,6,9,37,340
59,2017,9,13,9,2,15,48,365
59,2018,6,8,10,5,12,41,314
59,2019,14,10,11,11,11,57,390
59,2020,13,24,8,10,19,74,381
59,2021,17,21,18,5,17,78,439
59,2022,12,20,16,6,21,75,446
60,2016,13,27,22,12,14,88,424
60,2017,16,25,16,18,16,91,407
60,2018,14,22,13,14,31,94,428
60,2019,28,35,15,25,25,128,483
60,2020,33,32,23,16,24,128,433
60,2021,29,29,24,17,43,142,404
60,2022,33,41,19,16,27,136,427
61,2016,8,10,8,5,10,41,290
61,2017,13,15,8,6,11,53,390
61,2018,15,17,8,12,16,68,399
61,2019,21,26,22,15,28,112,382
61,2020,19,27,17,7,36,106,387
61,2021,25,18,25,17,32,117,392
61,2022,33,28,17,12,31,121,415
62,2016,23,30,20,14,38,125,477
62,2017,27,34,21,17,33,132,457
62,2018,27,43,28,15,38,151,457
62,2019,40,32,24,22,53,171,514
62,2020,40,66,28,22,43,199,514
62,2021,37,58,30,25,45,195,491
62,2022,40,49,28,19,27,163,478
63,2016,15,28,18,13,23,97,390
63,2017,24,27,31,13,27,122,433
63,2018,19,34,12,14,27,106,387
63,2019,28,23,26,16,23,116,462
63,2020,32,47,25,30,35,169,510
63,2021,47,37,28,28,36,176,519
63,2022,37,40,25,14,44,160,498
64,2016,12,21,10,7,14,64,371
64,2017,14,20,12,10,17,73,362
64,2018,18,19,11,13,17,78,428
64,2019,20,26,28,13,24,111,445
64,2020,21,20,23,24,15,103,433
64,2021,23,32,17,15,28,115,439
64,2022,29,29,27,17,23,125,396
65,2016,27,10,23,8,19,87,371
65,2017,20,30,17,14,12,93,365
65,2018,20,22,21,10,27,100,385
65,2019,30,29,34,14,39,146,454
65,2020,29,22,25,19,33,128,433
65,2021,32,39,23,13,33,140,414
65,2022,30,24,15,14,26,109,450
66,2016,49,42,29,23,48,191,500
66,2017,21,41,32,21,46,161,515
66,2018,37,37,49,23,49,195,533
66,2019,36,45,36,28,38,183,502
66,2020,46,52,46,20,46,210,535
66,2021,48,47,45,27,51,218,532
66,2022,34,47,32,19,60,192,469
67,2016,8,10,6,5,16,45,323
67,2017,10,16,7,9,16,58,355
67,2018,8,8,6,6,11,39,345
67,2019,17,18,13,4,12,64,363
67,2020,21,19,21,9,10,80,384
67,2021,12,22,18,10,15,77,386
67,2022,18,20,10,10,21,79,408
68,2016,28,31,21,25,40,145,458
68,2017,29,39,30,19,50,167,505
68,2018,27,35,33,21,25,141,404
68,2019,54,38,32,29,52,205,562
68,2020,46,49,36,23,45,199,481
68,2021,53,50,35,32,39,209,550
68,2022,39,49,38,22,48,196,519
69,2016,17,10,20,11,26,84,363
69,2017,29,31,20,15,23,118,415
69,2018,21,13,19,16,34,103,445
69,2019,36,52,21,26,43,178,533
69,2020,39,40,24,22,41,166,483
69,2021,47,38,37,18,49,189,469
69,2022,38,32,43,25,48,186,480
70,2016,39,39,27,24,46,175,448
70,2017,43,48,35,28,45,199,522
70,2018,46,53,45,27,56,227,560
70,2019,38,47,33,27,48,193,552
70,2020,42,41,42,28,65,218,582
70,2021,39,54,38,24,42,197,518
70,2022,43,62,53,36,60,254,533
71,2016,24,25,23,11,18,101,392
71,2017,14,14,25,6,22,81,428
71,2018,29,32,24,14,27,126,483
71,2019,18,25,34,17,35,129,430
71,2020,30,26,25,10,38,129,464
71,2021,20,24,23,20,23,110,442
71,2022,24,29,23,21,26,123,390
72,2016,30,27,15,28,32,132,460
72,2017,33,46,23,23,39,164,486
72,2018,25,34,40,17,31,147,443
72,2019,39,52,25,24,47,187,515
72,2020,31,35,39,32,56,193,503
72,2021,38,37,37,21,44,177,529
72,2022,38,49,42,20,40,189,486
73,2016,44,38,36,21,60,199,541
73,2017,36,47,37,32,45,197,503
73,2018,38,49,36,23,46,192,521
73,2019,39,55,34,29,68,225,546
73,2020,51,55,29,23,51,209,564
73,2021,48,56,37,22,53,216,544
73,2022,47,50,36,20,66,219,580
74,2016,15,21,17,4,14,71,385
74,2017,15,25,13,11,21,85,402
74,2018,24,25,14,10,19,92,390
74,2019,22,30,27,19,31,129,443
74,2020,31,29,23,14,40,137,477
74,2021,39,27,24,18,34,142,411
74,2022,36,38,34,15,41,164,466
75,2016,31,34,30,13,35,143,409
75,2017,27,36,26,24,24,137,470
75,2018,20,31,29,21,37,138,471
75,2019,28,36,31,20,43,158,490
75,2020,28,39,31,19,23,140,478
75,2021,24,38,20,26,41,149,441
75,2022,27,45,25,14,40,151,475
76,2016,16,21,23,19,27,106,413
76,2017,25,25,27,18,20,115,410
76,2018,23,36,28,13,27,127,448
76,2019,27,34,35,22,34,152,435
76,2020,22,37,34,26,38,157,506
76,2021,36,46,38,26,59,205,474
76,2022,49,41,42,30,44,206,551
77,2016,20,21,17,10,23,91,430
77,2017,27,26,17,14,19,103,409
77,2018,32,28,23,21,31,135,427
77,2019,33,41,29,20,39,162,486
77,2020,45,64,32,15,38,194,467
77,2021,29,43,38,17,35,162,480
77,2022,46,44,32,24,38,184,455
78,2016,20,17,22,10,30,99,358
78,2017,14,25,20,12,31,102,377
78,2018,27,25,25,18,27,122,464
78,2019,34,38,24,18,43,157,495
78,2020,33,45,34,15,43,170,518
78,2021,44,47,37,18,32,178,493
78,2022,38,49,31,25,50,193,477
79,2016,17,26,12,5,16,76,437
79,2017,13,21,22,9,19,84,406
79,2018,25,21,13,10,28,97,363
79,2019,14,39,17,14,27,111,444
79,2020,26,33,22,12,27,120,447
79,2021,35,36,21,14,29,135,443
79,2022,47,44,47,14,40,192,559
80,2016,10,17,13,9,17,66,412
80,2017,8,10,10,7,10,45,397
80,2018,8,21,10,7,8,54,386
80,2019,15,17,29,14,29,104,437
80,2020,20,37,26,13,30,126,471
80,2021,33,37,20,12,31,133,494
80,2022,25,36,30,17,32,140,486
81,2016,20,25,13,5,20,83,401
81,2017,20,16,15,14,17,82,427
81,2018,16,22,10,11,21,80,452
81,2019,19,23,18,16,28,104,430
81,2020,25,28,22,17,28,120,419
81,2021,28,36,22,21,34,141,415
81,2022,45,37,27,23,42,174,436
82,2016,27,29,19,11,33,119,409
82,2017,18,23,12,14,20,87,362
82,2018,26,22,23,8,31,110,392
82,2019,25,42,33,18,37,155,485
82,2020,43,36,26,19,37,161,509
82,2021,43,44,26,26,53,192,523
82,2022,38,31,34,26,40,169,481
83,2016,18,19,18,11,21,87,366
83,2017,21,21,23,11,22,98,371
83,2018,28,16,24,18,29,115,452
83,2019,30,32,30,19,31,142,415
83,2020,45,44,41,24,35,189,535
83,2021,22,41,41,27,50,181,505
83,2022,45,55,33,35,43,211,496
84,2016,18,17,21,11,38,105,467
84,2017,19,24,23,12,33,111,439
84,2018,28,39,28,19,39,153,441
84,2019,34,44,26,21,45,170,521
84,2020,33,37,34,22,45,171,432
84,2021,29,36,37,21,48,171,436
84,2022,47,51,31,28,46,203,505
85,2016,17,20,17,11,19,84,374
85,2017,25,29,25,19,26,124,475
85,2018,27,40,20,13,35,135,458
85,2019,28,38,29,26,42,163,473
85,2020,22,30,29,21,49,151,491
85,2021,41,35,29,12,26,143,411
85,2022,41,45,41,26,42,195,484
86,2016,15,7,2,11,11,46,356
86,2017,10,8,7,8,8,41,384
86,2018,9,14,5,6,16,50,380
86,2019,10,7,10,9,18,54,323
86,2020,11,13,11,9,12,56,373
86,2021,15,13,16,7,14,65,385
86,2022,16,35,25,8,23,107,436
87,2016,12,5,11,10,13,51,343
87,2017,12,14,14,10,11,61,347
87,2018,11,14,12,8,16,61,401
87,2019,23,17,22,10,15,87,434
87,2020,17,19,20,13,27,96,418
87,2021,17,23,16,13,19,88,366
87,2022,20,26,17,6,33,102,384
88,2016,24,22,21,13,14,94,408
88,2017,35,43,22,25,36,161,482
88,2018,30,53,23,21,34,161,506
88,2019,45,43,43,24,58,213,529
88,2020,36,41,34,24,35,170,415
88,2021,34,30,34,14,39,151,488
88,2022,20,30,32,12,37,131,423
89,2016,18,22,18,7,22,87,357
89,2017,16,12,23,12,25,88,339
89,2018,15,26,20,7,25,93,424
89,2019,20,18,27,10,31,106,393
89,2020,25,25,23,16,38,127,441
89,2021,31,34,23,24,34,146,411
89,2022,45,41,24,28,45,183,514
90,2016,30,28,21,22,46,147,487
90,2017,37,38,29,13,37,154,453
90,2018,37,46,36,18,56,193,469
90,2019,42,55,31,14,47,189,535
90,2020,45,54,38,31,41,209,503
90,2021,50,57,37,21,41,206,512
90,2022,35,52,35,23,44,189,510
91,2016,13,15,15,5,21,69,390
91,2017,22,34,16,12,15,99,361
91,2018,20,26,12,13,22,93,396
91,2019,19,33,18,12,30,112,477
91,2020,32,28,31,15,31,137,451
91,2021,30,33,23,15,29,130,462
91,2022,31,37,27,30,37,162,499
92,2016,17,28,22,13,24,104,379
92,2017,36,28,32,12,35,143,434
92,2018,29,45,25,21,40,160,409
92,2019,43,52,32,36,48,211,529
92,2020,36,47,43,30,52,208,517
92,2021,52,43,47,29,54,225,545
92,2022,50,63,41,29,59,242,596
93,2016,20,27,28,16,22,113,456
93,2017,22,29,18,17,30,116,419
93,2018,21,36,18,18,23,116,448
93,2019,32,28,31,23,40,154,494
93,2020,32,36,33,15,33,149,482
93,2021,29,23,28,17,45,142,462
93,2022,37,36,35,28,48,184,467
94,2016,21,17,21,13,19,91,376
94,2017,32,34,14,15,16,111,382
94,2018,21,24,20,25,36,126,435
94,2019,21,44,17,25,27,134,476
94,2020,27,40,36,20,36,159,452
94,2021,31,43,30,23,36,163,446
94,2022,50,41,46,29,53,219,492
95,2016,13,14,18,12,16,73,385
95,2017,21,17,8,14,14,74,400
95,2018,22,31,23,12,22,110,462
95,2019,29,33,40,26,31,159,497
95,2020,29,35,31,15,46,156,472
95,2021,37,43,28,16,46,170,460
95,2022,49,38,30,26,51,194,545
96,2016,10,18,11,6,11,56,327
96,2017,12,13,10,6,7,48,356
96,2018,17,18,6,12,17,70,386
96,2019,25,20,26,10,24,105,414
96,2020,32,19,15,14,24,104,386
96,2021,23,21,24,16,23,107,393
96,2022,16,12,16,9,27,80,349
97,2016,20,21,12,12,18,83,384
97,2017,13,19,6,12,17,67,382
97,2018,14,13,17,13,20,77,388
97,2019,27,22,19,12,27,107,425
97,2020,24,27,24,17,36,128,383
97,2021,17,16,13,6,18,70,353
97,2022,25,27,22,22,24,120,462
98,2016,14,10,11,6,17,58,417
98,2017,13,16,22,11,21,83,394
98,2018,13,28,22,14,27,104,411
98,2019,25,23,28,16,25,117,469
98,2020,18,38,25,14,32,127,397
98,2021,27,28,33,11,30,129,420
98,2022,29,24,20,16,25,114,409
99,2016,32,28,16,13,31,120,458
99,2017,26,28,19,11,30,114,436
99,2018,35,20,19,13,22,109,392
99,2019,40,41,38,23,40,182,512
99,2020,39,38,27,21,33,158,437
99,2021,35,56,29,27,41,188,501
99,2022,43,39,28,21,48,179,455
100,2016,21,33,17,12,25,108,456
100,2017,21,28,24,16,27,116,432
100,2018,22,32,20,21,31,126,457
100,2019,30,44,30,24,40,168,497
100,2020,41,39,41,24,35,180,479
100,2021,37,34,43,29,48,191,464
100,2022,46,48,34,37,47,212,556
101,2016,10,5,12,9,12,48,403
101,2017,12,9,13,8,12,54,345
101,2018,8,16,9,4,8,45,353
101,2019,16,22,16,14,20,88,406
101,2020,22,22,21,20,16,101,391
101,2021,29,15,15,6,19,84,422
101,2022,26,31,35,18,33,143,493
102,2016,15,22,12,15,14,78,407
102,2017,10,11,16,11,7,55,371
102,2018,9,8,8,4,10,39,323
102,2019,20,25,20,18,19,102,420
102,2020,17,31,19,20,29,116,395
102,2021,26,34,26,19,30,135,469
102,2022,29,38,31,19,36,153,498
103,2016,18,29,11,13,14,85,355
103,2017,17,14,14,14,17,76,372
103,2018,15,22,12,14,18,81,409
103,2019,33,31,31,15,38,148,419
103,2020,26,25,31,16,33,131,447
103,2021,31,28,25,11,24,119,390
103,2022,31,26,34,18,38,147,482
104,2016,19,19,10,9,20,77,359
104,2017,15,8,14,5,25,67,392
104,2018,17,15,10,15,12,69,368
104,2019,23,12,14,8,20,77,382
104,2020,16,23,20,10,25,94,368
104,2021,12,14,7,10,15,58,406
104,2022,18,15,8,3,23,67,355
105,2016,26,28,23,21,26,124,457
105,2017,25,12,16,17,20,90,429
105,2018,26,22,25,18,29,120,409
105,2019,17,36,21,16,23,113,421
105,2020,24,29,37,17,33,140,407
105,2021,26,34,24,20,50,154,480
105,2022,29,22,20,18,28,117,432
106,2016,22,25,25,11,25,108,466
106,2017,22,33,34,20,34,143,467
106,2018,28,27,26,11,28,120,402
106,2019,28,51,21,25,37,162,499
106,2020,25,33,24,22,49,153,478
106,2021,34,36,31,23,42,166,455
106,2022,38,60,41,27,45,211,557
107,2016,14,12,13,9,9,57,369
107,2017,12,12,7,12,7,50,392
107,2018,21,19,16,8,14,78,390
107,2019,19,16,9,13,16,73,415
107,2020,21,17,17,16,16,87,409
107,2021,19,24,15,15,31,104,446
107,2022,22,17,25,11,33,108,408
108,2016,24,25,24,14,38,125,453
108,2017,42,38,32,17,41,170,434
108,2018,43,38,25,24,30,160,436
108,2019,33,58,50,23,46,210,542
108,2020,24,31,43,20,54,172,507
108,2021,39,58,50,23,47,217,579
108,2022,41,44,40,19,48,192,526
109,2016,27,28,20,20,27,122,414
109,2017,22,23,20,16,22,103,377
109,2018,24,26,20,21,27,118,455
109,2019,29,35,20,14,25,123,395
109,2020,32,41,37,23,32,165,471
109,2021,25,33,29,16,35,138,402
109,2022,46,25,16,26,41,154,471
110,2016,16,19,22,11,11,79,409
110,2017,20,18,22,6,23,89,405
110,2018,16,32,14,11,15,88,445
110,2019,34,26,25,18,41,144,478
110,2020,37,21,31,16,32,137,440
110,2021,30,33,40,22,37,162,441
110,2022,35,33,31,21,38,158,498
111,2016,18,19,19,10,28,94,389
111,2017,20,19,18,15,23,95,354
111,2018,30,27,14,8,29,108,390
111,2019,30,42,29,17,32,150,495
111,2020,33,33,28,16,29,139,492
111,2021,24,32,19,12,25,112,431
111,2022,19,34,19,17,36,125,447
112,2016,7,12,8,8,8,43,354
112,2017,5,14,8,6,10,43,394
112,2018,11,16,13,7,7,54,364
112,2019,7,9,12,8,17,53,331
112,2020,18,25,22,13,29,107,391
112,2021,26,32,17,13,18,106,403
112,2022,33,30,32,15,22,132,441
113,2016,17,24,15,14,23,93,387
113,2017,31,34,27,15,35,142,473
113,2018,22,25,26,12,29,114,447
113,2019,43,28,25,20,28,144,439
113,2020,37,43,17,26,37,160,443
113,2021,51,44,24,14,41,174,466
113,2022,43,41,32,32,54,202,534
114,2016,13,17,6,7,9,52,339
114,2017,11,13,11,2,10,47,386
114,2018,17,12,10,6,21,66,381
114,2019,18,23,16,11,20,88,417
114,2020,21,27,23,13,24,108,390
114,2021,27,30,22,17,35,131,412
114,2022,20,30,19,8,24,101,416
115,2016,17,18,19,12,13,79,359
115,2017,18,23,7,10,17,75,418
115,2018,16,25,19,12,22,94,376
115,2019,27,24,18,10,28,107,382
115,2020,18,24,29,17,36,124,415
115,2021,33,38,30,24,39,164,456
115,2022,36,44,29,13,36,158,452
116,2016,29,31,36,19,37,152,415
116,2017,33,30,29,23,45,160,453
116,2018,45,46,22,16,37,166,438
116,2019,37,43,38,24,58,200,460
116,2020,45,53,36,31,56,221,494
116,2021,33,27,38,19,52,169,445
116,2022,40,41,32,24,45,182,517
117,2016,17,21,15,9,27,89,424
117,2017,22,25,26,12,28,113,395
117,2018,26,33,19,15,30,123,399
117,2019,31,42,33,24,43,173,531
117,2020,38,43,37,26,36,180,523
117,2021,37,53,32,22,48,192,499
117,2022,34,47,27,20,43,171,508
118,2016,31,17,23,19,23,113,481
118,2017,33,14,22,14,30,113,444
118,2018,27,43,21,20,46,157,499
118,2019,36,36,24,27,50,173,472
118,2020,26,47,44,18,42,177,490
118,2021,43,43,43,22,47,198,477
118,2022,45,60,43,26,44,218,502
119,2016,11,9,10,8,13,51,324
119,2017,4,12,9,9,9,43,361
119,2018,14,12,15,7,20,68,368
119,2019,23,12,18,11,13,77,401
119,2020,13,16,11,11,17,68,379
119,2021,13,27,19,15,25,99,403
119,2022,16,13,11,18,22,80,423
120,2016,6,9,8,6,7,36,374
120,2017,10,9,5,10,13,47,359
120,2018,14,24,12,14,8,72,385
120,2019,17,23,21,11,31,103,455
120,2020,16,23,10,9,26,84,378
120,2021,33,30,20,17,30,130,417
120,2022,30,43,35,18,35,161,470
121,2016,24,22,14,20,21,101,390
121,2017,27,28,27,18,27,127,481
121,2018,24,27,16,13,30,110,455
121,2019,26,34,39,29,45,173,505
121,2020,35,37,34,18,38,162,480
121,2021,43,41,29,23,56,192,458
121,2022,38,31,40,34,59,202,540
122,2016,19,19,18,15,15,86,353
122,2017,28,42,34,16,43,163,472
122,2018,36,33,30,14,28,141,449
122,2019,39,51,18,17,49,174,505
122,2020,34,39,47,25,43,188,497
122,2021,49,37,33,13,47,179,487
122,2022,34,47,32,22,42,177,496
123,2016,14,7,10,7,13,51,360
123,2017,17,9,13,8,16,63,360
123,2018,9,16,16,10,16,67,364
123,2019,24,26,25,15,20,110,381
123,2020,32,28,29,14,23,126,426
123,2021,30,25,28,20,37,140,479
123,2022,38,44,26,19,42,169,445
124,2016,14,33,18,10,23,98,376
124,2017,35,33,31,14,35,148,481
124,2018,33,35,26,15,45,154,421
124,2019,36,37,24,17,23,137,463
124,2020,36,31,30,12,37,146,446
124,2021,27,36,32,22,42,159,455
124,2022,20,34,22,14,26,116,461
125,2016,22,15,22,16,19,94,409
125,2017,19,21,28,18,18,104,450
125,2018,17,22,14,12,21,86,371
125,2019,24,34,23,22,44,147,404
125,2020,36,22,37,22,31,148,450
125,2021,37,40,25,27,39,168,483
125,2022,41,51,33,30,41,196,493
126,2016,28,23,27,13,20,111,442
126,2017,35,24,19,15,16,109,417
126,2018,30,38,24,14,39,145,457
126,2019,23,42,39,24,45,173,531
126,2020,33,51,45,19,31,179,456
126,2021,34,56,36,25,41,192,536
126,2022,30,49,27,17,43,166,436
127,2016,15,18,11,6,16,66,366
127,2017,16,19,11,10,23,79,413
127,2018,17,24,17,10,23,91,427
127,2019,23,32,20,10,28,113,389
127,2020,22,16,13,7,22,80,407
127,2021,19,19,28,18,33,117,405
127,2022,21,28,20,11,28,108,409
128,2016,21,17,17,7,23,85,402
128,2017,22,29,23,12,33,119,448
128,2018,24,28,19,14,24,109,391
128,2019,33,42,30,20,33,158,479
128,2020,24,34,25,21,32,136,449
128,2021,27,35,32,22,30,146,438
128,2022,43,59,29,23,45,199,536
129,2016,33,38,32,22,39,164,466
129,2017,27,26,17,18,29,117,389
129,2018,19,21,24,13,29,106,425
129,2019,39,28,29,19,36,151,487
129,2020,36,50,31,20,38,175,429
129,2021,35,31,31,26,47,170,439
129,2022,54,57,37,21,53,222,504
130,2016,36,43,26,20,38,163,473
130,2017,42,43,37,18,36,176,495
130,2018,56,55,34,14,46,205,541
130,2019,41,52,40,22,48,203,493
130,2020,48,45,40,26,45,204,502
130,2021,51,47,40,27,64,229,540
130,2022,51,53,38,26,70,238,499
131,2016,15,21,13,3,15,67,375
131,2017,12,12,14,4,12,54,312
131,2018,12,12,18,12,16,70,373
131,2019,15,15,19,11,22,82,379
131,2020,19,21,16,16,17,89,417
131,2021,25,26,29,9,31,120,419
131,2022,19,37,23,12,31,122,456
132,2016,43,26,40,16,41,166,430
132,2017,43,34,29,12,61,179,453
132,2018,34,46,44,30,57,211,479
132,2019,31,60,42,33,62,228,519
132,2020,26,52,47,34,53,212,506
132,2021,41,52,51,19,56,219,488
132,2022,33,43,38,27,54,195,491
133,2016,24,20,17,14,25,100,406
133,2017,22,27,17,19,33,118,442
133,2018,40,25,33,9,32,139,427
133,2019,33,41,33,32,47,186,510
133,2020,31,59,41,20,45,196,485
133,2021,43,54,35,40,57,229,498
133,2022,50,48,39,16,44,197,515
134,2016,26,29,17,15,18,105,399
134,2017,24,17,31,14,28,114,389
134,2018,22,36,37,23,31,149,462
134,2019,43,46,39,27,41,196,538
134,2020,32,52,40,23,46,193,491
134,2021,45,47,46,26,29,193,520
134,2022,36,34,24,22,48,164,449
135,2016,13,11,7,11,14,56,415
135,2017,9,12,14,11,10,56,425
135,2018,9,11,7,7,15,49,362
135,2019,25,27,23,16,36,127,457
135,2020,18,19,18,17,16,88,352
135,2021,33,32,32,12,41,150,421
135,2022,20,28,26,17,41,132,446
136,2016,30,27,21,12,31,121,409
136,2017,25,26,17,12,22,102,407
136,2018,16,17,19,9,20,81,362
136,2019,14,16,19,12,21,82,421
136,2020,32,42,29,24,33,160,482
136,2021,25,27,23,23,42,140,443
136,2022,28,30,24,14,37,133,409
137,2016,10,27,16,11,26,90,366
137,2017,22,38,16,23,32,131,424
137,2018,22,24,18,6,17,87,412
137,2019,26,25,16,10,36,113,445
137,2020,28,27,18,15,26,114,418
137,2021,38,33,25,19,48,163,485
137,2022,27,24,16,20,35,122,475
138,2016,22,28,14,13,29,106,391
138,2017,21,24,16,12,33,106,402
138,2018,28,32,41,18,43,162,459
138,2019,26,42,31,20,40,159,443
138,2020,34,27,22,16,29,128,400
138,2021,33,40,27,25,36,161,498
138,2022,27,47,28,20,39,161,522
139,2016,8,11,10,11,11,51,333
139,2017,13,13,14,6,11,57,364
139,2018,17,11,15,11,13,67,384
139,2019,25,26,16,18,13,98,416
139,2020,20,13,16,9,22,80,439
139,2021,23,22,18,7,21,91,368
139,2022,23,24,18,14,28,107,372
140,2016,19,31,31,19,33,133,467
140,2017,26,33,34,20,33,146,472
140,2018,27,31,38,24,42,162,457
140,2019,51,30,24,18,33,156,469
140,2020,40,48,50,25,59,222,539
140,2021,38,37,50,19,51,195,549
140,2022,31,40,34,20,50,175,483
141,2016,13,20,21,14,30,98,358
141,2017,21,18,20,13,25,97,448
141,2018,24,26,19,12,28,109,372
141,2019,22,42,32,24,37,157,495
141,2020,26,34,35,17,42,154,511
141,2021,27,32,25,12,53,149,505
141,2022,39,42,47,32,52,212,523
142,2016,12,17,9,7,11,56,380
142,2017,8,21,18,12,14,73,389
142,2018,24,20,18,15,23,100,429
142,2019,23,27,31,15,28,124,382
142,2020,20,16,16,14,27,93,396
142,2021,27,40,22,16,34,139,487
142,2022,51,54,29,26,53,213,529
143,2016,11,12,15,5,20,63,406
143,2017,13,17,11,10,13,64,366
143,2018,19,13,11,8,13,64,355
143,2019,29,37,26,17,28,137,414
143,2020,25,29,27,18,27,126,416
143,2021,30,33,16,13,30,122,419
143,2022,29,30,25,10,30,124,471
144,2016,17,24,25,19,31,116,436
144,2017,23,21,21,11,19,95,407
144,2018,34,37,27,15,33,146,503
144,2019,39,31,27,24,46,167,453
144,2020,35,51,29,19,42,176,534
144,2021,38,31,37,20,39,165,522
144,2022,34,43,44,18,56,195,493
145,2016,17,11,6,10,13,57,392
145,2017,21,19,11,6,17,74,408
145,2018,23,20,21,13,23,100,366
145,2019,42,43,40,14,47,186,533
145,2020,24,39,42,16,32,153,470
145,2021,35,40,33,19,45,172,495
145,2022,32,38,30,23,35,158,435
146,2016,28,23,27,14,29,121,460
146,2017,21,25,20,17,24,107,438
146,2018,22,24,27,11,29,113,424
146,2019,35,36,34,21,43,169,491
146,2020,31,25,19,11,25,111,424
146,2021,33,40,31,37,42,183,488
146,2022,29,38,36,25,37,165,531
147,2016,31,34,34,15,38,152,448
147,2017,21,30,29,14,33,127,372
147,2018,28,31,24,18,36,137,488
147,2019,47,38,32,24,41,182,462
147,2020,38,40,32,24,53,187,490
147,2021,45,47,45,25,45,207,479
147,2022,51,57,45,28,63,244,577
148,2016,22,33,19,9,26,109,415
148,2017,19,21,21,16,22,99,358
148,2018,37,28,18,13,27,123,386
148,2019,35,46,34,24,45,184,482
148,2020,32,48,28,23,36,167,474
148,2021,29,44,29,24,47,173,455
148,2022,38,49,42,21,46,196,546
149,2016,26,13,24,17,18,98,458
149,2017,24,36,23,21,39,143,439
149,2018,31,46,26,14,44,161,442
149,2019,28,45,41,25,40,179,460
149,2020,28,30,34,22,47,161,478
149,2021,33,33,28,30,40,164,501
149,2022,39,53,35,20,53,200,490
150,2016,23,23,29,8,26,109,432
150,2017,21,22,11,8,26,88,357
150,2018,16,21,23,15,21,96,368
150,2019,28,36,25,14,21,124,451
150,2020,30,34,31,11,31,137,489
150,2021,29,21,20,22,38,130,438
150,2022,37,28,29,17,43,154,480
151,2016,15,12,13,11,19,70,362
151,2017,17,10,19,9,27,82,396
151,2018,23,19,22,13,19,96,440
151,2019,18,34,14,18,31,115,449
151,2020,24,40,26,11,34,135,419
151,2021,22,20,26,13,27,108,387
151,2022,29,40,25,22,35,151,482
152,2016,14,12,6,7,11,50,359
152,2017,20,22,17,9,11,79,391
152,2018,14,14,11,4,14,57,382
152,2019,23,10,12,9,25,79,387
152,2020,26,22,21,8,26,103,407
152,2021,19,15,11,16,22,83,451
152,2022,33,38,40,20,40,171,467
153,2016,17,17,17,18,18,87,423
153,2017,22,18,15,16,28,99,389
153,2018,26,42,24,22,29,143,466
153,2019,37,40,38,15,45,175,486
153,2020,29,53,36,16,48,182,475
153,2021,51,45,41,25,42,204,521
153,2022,57,41,43,24,65,230,536
154,2016,20,21,16,7,28,92,398
154,2017,10,22,14,8,25,79,398
154,2018,20,17,18,11,18,84,368
154,2019,27,32,23,16,34,132,454
154,2020,29,44,32,17,42,164,464
154,2021,39,40,32,25,44,180,456
154,2022,28,42,24,19,35,148,451
155,2016,13,8,6,9,7,43,384
155,2017,15,13,14,8,15,65,343
155,2018,11,9,11,10,13,54,311
155,2019,13,20,26,14,16,89,441
155,2020,7,15,7,11,12,52,323
155,2021,13,15,21,10,19,78,354
155,2022,18,26,23,17,25,109,427
156,2016,25,41,30,17,28,141,441
156,2017,43,33,26,18,30,150,493
156,2018,30,27,27,21,43,148,466
156,2019,40,46,36,23,38,183,514
156,2020,38,43,32,30,40,183,482
156,2021,35,41,36,21,54,187,482
156,2022,35,46,24,21,50,176,462
157,2016,15,20,16,8,22,81,401
157,2017,23,25,29,8,31,116,458
157,2018,21,32,24,18,33,128,429
157,2019,24,40,26,22,32,144,428
157,2020,33,39,32,18,38,160,499
157,2021,26,28,32,26,36,148,448
157,2022,23,38,24,19,24,128,437
158,2016,8,11,9,6,17,51,395
158,2017,11,14,13,5,27,70,415
158,2018,13,12,19,11,17,72,334
158,2019,16,12,17,13,23,81,365
158,2020,14,22,13,12,20,81,358
158,2021,15,17,10,8,16,66,365
158,2022,17,14,15,14,17,77,392
159,2016,22,21,16,15,24,98,371
159,2017,24,24,18,10,26,102,434
159,2018,22,35,26,15,26,124,429
159,2019,38,45,18,19,48,168,472
159,2020,37,54,46,23,48,208,514
159,2021,43,53,39,27,30,192,533
159,2022,41,42,35,19,51,188,502
160,2016,20,14,8,16,18,76,393
160,2017,18,15,22,7,18,80,417
160,2018,11,7,20,6,10,54,371
160,2019,32,38,18,22,29,139,487
160,2020,33,38,31,25,44,171,491
160,2021,26,43,22,15,29,135,503
160,2022,32,37,31,16,52,168,498
161,2016,34,20,17,12,32,115,379
161,2017,24,23,15,17,16,95,446
161,2018,18,22,18,4,29,91,422
161,2019,18,16,20,12,26,92,363
161,2020,33,31,29,12,29,134,432
161,2021,38,39,21,19,43,160,451
161,2022,56,39,34,22,48,199,544
162,2016,11,4,7,14,17,53,327
162,2017,17,15,15,10,17,74,351
162,2018,7,15,4,11,18,55,364
162,2019,20,22,25,15,23,105,413
162,2020,29,31,21,12,27,120,440
162,2021,24,24,21,14,22,105,446
162,2022,37,27,29,18,42,153,450
163,2016,14,18,11,9,16,68,374
163,2017,16,24,22,11,27,100,353
163,2018,18,23,25,11,27,104,413
163,2019,29,32,31,23,31,146,437
163,2020,25,48,26,15,28,142,485
163,2021,29,31,25,20,35,140,473
163,2022,30,32,30,18,54,164,491
164,2016,38,35,24,25,42,164,477
164,2017,28,30,24,15,49,146,510
164,2018,30,51,29,16,39,165,500
164,2019,39,54,42,20,51,206,547
164,2020,36,40,38,13,61,188,522
164,2021,44,40,33,25,47,189,506
164,2022,49,50,38,23,46,206,531
165,2016,20,32,29,21,26,128,423
165,2017,26,23,32,14,26,121,448
165,2018,29,28,17,18,31,123,447
165,2019,32,50,37,18,35,172,490
165,2020,31,48,32,19,42,172,464
165,2021,44,57,37,26,41,205,563
165,2022,56,37,36,33,42,204,498
166,2016,15,24,19,10,20,88,387
166,2017,33,34,18,21,31,137,443
166,2018,21,30,36,14,41,142,417
166,2019,39,34,32,19,37,161,472
166,2020,23,44,22,19,40,148,454
166,2021,45,43,37,19,40,184,542
166,2022,31,35,40,27,39,172,456
167,2016,18,42,21,10,25,116,448
167,2017,21,16,19,22,26,104,422
167,2018,28,26,28,18,31,131,440
167,2019,37,44,37,14,45,177,510
167,2020,28,39,29,15,49,160,437
167,2021,38,49,25,27,33,172,510
167,2022,30,36,36,14,37,153,486
168,2016,21,20,20,14,22,97,373
168,2017,19,27,23,16,27,112,430
168,2018,25,33,26,17,27,128,412
168,2019,44,33,33,26,44,180,493
168,2020,42,43,43,27,42,197,547
168,2021,35,68,33,25,62,223,514
168,2022,49,64,24,31,53,221,541
169,2016,10,11,11,9,17,58,319
169,2017,22,17,12,10,21,82,429
169,2018,13,18,9,14,18,72,413
169,2019,31,33,20,15,31,130,471
169,2020,24,34,21,15,33,127,464
169,2021,26,31,27,13,33,130,463
169,2022,34,41,27,20,34,156,503
170,2016,8,19,11,8,15,61,403
170,2017,9,16,10,7,19,61,382
170,2018,11,13,12,10,15,61,382
170,2019,5,13,19,10,16,63,330
170,2020,23,19,19,21,33,115,424
170,2021,32,19,22,16,26,115,390
170,2022,22,26,35,15,28,126,420
171,2016,13,13,16,10,9,61,427
171,2017,16,12,15,10,11,64,329
171,2018,17,20,13,11,17,78,403
171,2019,18,18,17,14,18,85,366
171,2020,16,21,23,17,36,113,391
171,2021,18,18,17,19,18,90,388
171,2022,22,26,20,12,25,105,413
172,2016,5,13,8,10,10,46,308
172,2017,15,14,8,7,14,58,408
172,2018,8,10,17,6,19,60,366
172,2019,20,22,15,13,24,94,458
172,2020,23,20,14,18,29,104,411
172,2021,33,29,21,17,36,136,426
172,2022,29,26,27,23,32,137,417
173,2016,18,24,23,14,34,113,474
173,2017,26,30,13,24,45,138,472
173,2018,41,41,42,25,41,190,553
173,2019,36,40,37,21,39,173,451
173,2020,34,41,33,23,52,183,456
173,2021,39,54,42,25,53,213,552
173,2022,47,48,30,18,50,193,460
174,2016,22,18,28,9,19,96,407
174,2017,25,30,17,15,22,109,434
174,2018,25,21,20,9,21,96,433
174,2019,35,33,31,24,36,159,486
174,2020,30,22,23,14,28,117,390
174,2021,25,34,26,18,42,145,462
174,2022,35,41,30,22,38,166,527
175,2016,11,15,13,9,17,65,373
175,2017,17,12,14,10,9,62,376
175,2018,7,15,11,5,9,47,315
175,2019,17,19,13,14,26,89,386
175,2020,20,19,23,11,29,102,381
175,2021,23,25,28,8,38,122,415
175,2022,26,23,21,20,38,128,413
176,2016,12,10,14,7,20,63,354
176,2017,22,15,9,19,8,73,405
176,2018,17,14,11,11,11,64,364
176,2019,17,19,20,10,18,84,409
176,2020,19,25,20,19,21,104,363
176,2021,19,21,22,17,26,105,408
176,2022,23,32,25,13,26,119,470
177,2016,31,46,21,15,37,150,458
177,2017,27,34,20,24,45,150,477
177,2018,32,45,26,16,27,146,507
177,2019,46,49,21,20,42,178,505
177,2020,35,39,32,16,38,160,487
177,2021,36,41,34,20,46,177,535
177,2022,28,49,38,19,32,166,469
178,2016,11,11,20,9,9,60,348
178,2017,21,12,14,11,19,77,362
178,2018,26,24,24,14,20,108,405
178,2019,28,36,22,8,35,129,406
178,2020,33,31,30,9,35,138,459
178,2021,31,21,26,15,22,115,431
178,2022,22,33,21,15,24,115,400
179,2016,17,15,10,8,11,61,385
179,2017,11,14,8,12,17,62,387
179,2018,19,13,10,7,18,67,413
179,2019,27,22,23,15,23,110,391
179,2020,25,14,31,19,30,119,422
179,2021,27,25,22,10,25,109,420
179,2022,26,27,38,24,36,151,460
180,2016,19,18,15,7,24,83,420
180,2017,17,15,13,16,15,76,404
180,2018,20,19,21,8,18,86,407
180,2019,18,22,17,17,31,105,421
180,2020,32,38,27,21,45,163,463
180,2021,21,27,29,22,25,124,480
180,2022,39,37,42,14,33,165,443
181,2016,20,19,20,14,16,89,420
181,2017,19,17,17,15,22,90,398
181,2018,16,18,15,16,20,85,365
181,2019,24,38,22,22,38,144,426
181,2020,27,28,29,21,37,142,429
181,2021,19,35,23,12,39,128,462
181,2022,23,41,28,22,37,151,491
182,2016,9,16,10,10,20,65,338
182,2017,14,21,15,8,14,72,356
182,2018,12,20,10,7,6,55,383
182,2019,15,15,16,6,29,81,397
182,2020,7,20,19,14,24,84,438
182,2021,20,21,17,23,16,97,425
182,2022,14,32,14,16,35,111,392
183,2016,13,13,15,10,18,69,401
183,2017,19,20,22,11,10,82,356
183,2018,24,22,20,7,13,86,396
183,2019,24,21,16,16,32,109,461
183,2020,17,23,12,13,24,89,373
183,2021,19,19,22,11,27,98,434
183,2022,33,24,27,11,28,123,459
184,2016,9,11,8,8,15,51,411
184,2017,3,11,7,8,12,41,336
184,2018,22,9,11,6,9,57,417
184,2019,15,18,22,10,30,95,380
184,2020,16,24,20,11,24,95,413
184,2021,22,23,20,22,22,109,367
184,2022,15,25,20,18,22,100,422
185,2016,24,25,24,13,32,118,479
185,2017,33,24,28,15,38,138,423
185,2018,39,37,35,27,43,181,462
185,2019,38,48,43,20,46,195,466
185,2020,37,39,33,20,35,164,475
185,2021,50,48,28,24,50,200,543
185,2022,42,55,27,22,57,203,459
186,2016,30,35,30,26,37,158,508
186,2017,38,42,37,24,54,195,545
186,2018,35,40,41,17,46,179,531
186,2019,39,43,34,39,59,214,535
186,2020,50,49,45,14,49,207,554
186,2021,39,55,39,25,54,212,503
186,2022,38,49,43,24,49,203,492
187,2016,23,10,20,5,16,74,420
187,2017,22,18,25,13,31,109,449
187,2018,35,32,27,13,34,141,439
187,2019,36,32,27,15,42,152,452
187,2020,40,36,32,30,55,193,476
187,2021,33,46,26,15,42,162,487
187,2022,35,38,34,18,57,182,495
188,2016,28,24,21,19,26,118,473
188,2017,31,29,30,21,34,145,487
188,2018,35,42,38,38,50,203,523
188,2019,43,39,38,24,52,196,552
188,2020,38,35,34,19,43,169,487
188,2021,43,49,30,17,38,177,542
188,2022,34,39,36,16,41,166,458
189,2016,14,16,19,6,12,67,379
189,2017,18,19,13,15,20,85,357
189,2018,24,27,13,14,26,104,407
189,2019,26,35,28,20,24,133,431
189,2020,39,35,18,26,31,149,476
189,2021,36,33,32,20,41,162,445
189,2022,37,24,30,22,61,174,463
190,2016,7,14,15,6,16,58,408
190,2017,20,20,12,11,17,80,358
190,2018,23,30,17,14,16,100,430
190,2019,27,25,27,25,26,130,430
190,2020,30,42,32,15,37,156,495
190,2021,35,41,30,19,47,172,478
190,2022,44,50,25,20,54,193,472
191,2016,12,7,9,8,15,51,385
191,2017,10,5,6,8,9,38,342
191,2018,4,8,7,7,17,43,333
191,2019,20,13,20,12,10,75,374
191,2020,15,19,14,14,19,81,362
191,2021,17,20,26,18,19,100,357
191,2022,18,30,24,12,27,111,407
192,2016,18,7,12,9,15,61,384
192,2017,15,16,8,9,26,74,398
192,2018,16,29,18,9,27,99,445
192,2019,23,33,27,17,30,130,470
192,2020,33,21,21,14,34,123,420
192,2021,21,36,21,21,36,135,485
192,2022,24,32,32,18,34,140,412
193,2016,30,36,24,18,36,144,429
193,2017,43,38,26,18,35,160,520
193,2018,33,43,38,17,39,170,457
193,2019,41,48,35,21,40,185,550
193,2020,61,49,28,26,59,223,497
193,2021,48,52,30,20,54,204,556
193,2022,49,51,39,29,47,215,486
194,2016,22,26,24,15,31,118,426
194,2017,24,21,31,19,24,119,424
194,2018,18,23,21,26,28,116,450
194,2019,21,26,37,13,31,128,437
194,2020,34,35,29,13,40,151,494
194,2021,22,32,39,25,30,148,456
194,2022,37,33,35,24,45,174,536
195,2016,26,29,30,19,21,125,411
195,2017,19,22,17,14,23,95,371
195,2018,20,22,17,11,32,102,403
195,2019,28,34,31,17,40,150,461
195,2020,34,29,28,16,44,151,475
195,2021,27,25,23,21,31,127,416
195,2022,24,30,28,19,29,130,437
196,2016,21,35,25,21,32,134,486
196,2017,27,23,19,20,26,115,387
196,2018,15,22,15,15,19,86,363
196,2019,29,47,42,20,41,179,484
196,2020,33,43,40,23,43,182,508
196,2021,40,38,29,17,46,170,449
196,2022,29,50,30,17,38,164,450
197,2016,19,19,16,9,14,77,366
197,2017,31,21,17,9,26,104,423
197,2018,34,40,29,14,42,159,465
197,2019,35,38,33,27,35,168,485
197,2020,37,34,32,23,53,179,453
197,2021,57,48,35,24,60,224,532
197,2022,28,53,41,22,45,189,460
198,2016,14,16,17,17,23,87,374
198,2017,13,16,7,12,15,63,425
198,2018,24,31,22,8,12,97,448
198,2019,26,30,32,14,42,144,464
198,2020,20,37,34,24,36,151,445
198,2021,36,35,32,10,39,152,455
198,2022,35,44,40,17,39,175,459
199,2016,22,30,28,11,23,114,388
199,2017,34,35,15,22,30,136,436
199,2018,29,29,30,24,49,161,495
199,2019,48,46,41,32,46,213,532
199,2020,44,40,30,19,65,198,527
199,2021,45,47,38,27,50,207,496
199,2022,48,55,36,27,36,202,510
200,2016,11,7,3,6,11,38,333
200,2017,11,12,12,10,15,60,420
200,2018,14,19,6,12,13,64,394
200,2019,36,39,26,18,30,149,474
200,2020,32,37,20,15,43,147,422
200,2021,31,38,35,23,45,172,464
200,2022,31,37,28,31,45,172,507
201,2016,29,18,18,15,27,107,429
201,2017,26,17,20,15,28,106,440
201,2018,14,19,19,8,20,80,354
201,2019,22,32,20,20,27,121,452
201,2020,36,32,22,17,32,139,474
201,2021,35,33,26,14,38,146,409
201,2022,23,37,24,16,43,143,422
202,2016,18,28,15,8,26,95,415
202,2017,23,22,17,15,21,98,392
202,2018,29,25,22,9,22,107,467
202,2019,29,34,25,15,33,136,455
202,2020,35,47,28,21,44,175,497
202,2021,35,31,25,33,39,163,516
202,2022,32,35,28,22,38,155,460
203,2016,11,15,14,8,10,58,356
203,2017,16,13,13,8,18,68,375
203,2018,6,19,12,7,12,56,338
203,2019,26,11,10,12,15,74,416
203,2020,8,12,11,7,9,47,356
203,2021,11,11,14,8,19,63,345
203,2022,16,22,13,11,19,81,360
204,2016,23,45,34,16,33,151,432
204,2017,35,34,36,15,45,165,514
204,2018,26,52,34,14,41,167,477
204,2019,35,35,35,18,51,174,510
204,2020,40,51,39,38,61,229,518
204,2021,56,47,37,31,59,230,556
204,2022,44,48,33,24,52,201,466
205,2016,31,38,24,11,22,126,414
205,2017,32,19,24,18,31,124,455
205,2018,44,24,28,16,39,151,484
205,2019,31,43,29,17,52,172,485
205,2020,35,47,30,31,58,201,518
205,2021,36,62,30,25,42,195,510
205,2022,48,56,37,19,40,200,536
206,2016,21,29,27,24,36,137,451
206,2017,21,34,24,24,39,142,431
206,2018,41,41,31,22,41,176,525
206,2019,34,53,52,27,35,201,540
206,2020,40,38,35,31,53,197,497
206,2021,44,49,37,32,51,213,486
206,2022,39,49,31,30,43,192,486
207,2016,5,6,10,9,12,42,342
207,2017,12,12,10,11,20,65,374
207,2018,16,18,16,8,20,78,336
207,2019,26,25,27,11,31,120,447
207,2020,21,30,27,7,27,112,397
207,2021,27,35,30,19,34,145,469
207,2022,30,35,26,11,31,133,444
208,2016,11,8,15,9,14,57,392
208,2017,18,23,7,8,18,74,364
208,2018,20,18,16,11,20,85,383
208,2019,18,23,20,17,27,105,441
208,2020,24,28,26,13,24,115,430
208,2021,26,39,37,14,39,155,504
208,2022,35,46,20,19,51,171,526
209,2016,14,10,8,6,15,53,366
209,2017,9,6,15,10,16,56,375
209,2018,14,22,12,9,22,79,433
209,2019,15,20,25,14,27,101,377
209,2020,12,34,23,15,22,106,453
209,2021,24,20,24,13,26,107,422
209,2022,14,20,20,12,19,85,452
210,2016,23,26,19,14,24,106,414
210,2017,16,30,41,17,33,137,472
210,2018,39,51,35,19,37,181,504
210,2019,38,53,33,17,50,191,547
210,2020,45,54,38,26,44,207,485
210,2021,48,52,34,28,46,208,509
210,2022,37,50,43,29,46,205,493
211,2016,10,7,8,5,14,44,359
211,2017,14,13,7,6,5,45,329
211,2018,9,9,7,19,15,59,372
211,2019,15,10,15,8,29,77,356
211,2020,18,18,8,10,21,75,383
211,2021,21,22,17,9,23,92,453
211,2022,23,21,17,15,19,95,396
212,2016,22,20,29,29,26,126,458
212,2017,24,24,16,14,31,109,472
212,2018,18,21,16,16,28,99,426
212,2019,40,38,31,11,42,162,484
212,2020,29,31,36,20,29,145,500
212,2021,26,24,19,14,34,117,416
212,2022,30,32,16,14,38,130,415
213,2016,22,27,19,12,27,107,456
213,2017,22,32,37,17,35,143,504
213,2018,25,26,18,14,37,120,440
213,2019,27,41,34,15,29,146,492
213,2020,29,39,31,19,49,167,443
213,2021,40,45,35,19,41,180,537
213,2022,42,57,44,18,67,228,552
214,2016,13,3,8,6,15,45,378
214,2017,8,8,13,7,6,42,385
214,2018,10,14,16,13,25,78,346
214,2019,26,35,18,18,22,119,436
214,2020,21,30,25,9,28,113,414
214,2021,23,25,27,13,41,129,466
214,2022,23,26,23,24,40,136,463
215,2016,5,19,4,5,9,42,346
215,2017,8,11,15,7,10,51,337
215,2018,8,9,9,15,7,48,363
215,2019,11,14,12,5,16,58,398
215,2020,17,11,14,6,19,67,394
215,2021,21,14,15,9,22,81,407
215,2022,19,28,21,15,17,100,452
216,2016,33,18,18,19,27,115,475
216,2017,28,29,24,11,49,141,485
216,2018,23,26,33,23,44,149,482
216,2019,37,42,31,20,52,182,494
216,2020,45,46,35,24,65,215,535
216,2021,40,50,45,18,50,203,495
216,2022,46,45,44,38,56,229,528
217,2016,26,28,21,16,25,116,410
217,2017,25,17,18,11,28,99,425
217,2018,31,38,17,14,37,137,461
217,2019,30,37,29,24,34,154,417
217,2020,39,32,34,30,42,177,488
217,2021,40,48,25,31,48,192,538
217,2022,36,49,31,25,45,186,502
218,2016,39,33,31,23,34,160,485
218,2017,43,35,28,21,39,166,514
218,2018,35,40,32,19,51,177,515
218,2019,29,37,36,28,47,177,503
218,2020,29,37,36,19,48,169,498
218,2021,47,54,36,20,62,219,555
218,2022,39,54,48,35,66,242,562
219,2016,21,17,14,8,17,77,419
219,2017,22,37,17,20,25,121,433
219,2018,16,17,15,15,16,79,374
219,2019,33,45,34,14,37,163,496
219,2020,21,38,27,21,34,141,441
219,2021,27,39,22,25,34,147,426
219,2022,33,37,38,9,45,162,515
220,2016,23,34,32,15,46,150,488
220,2017,41,29,20,17,35,142,429
220,2018,23,40,30,13,23,129,442
220,2019,37,43,38,17,40,175,496
220,2020,38,34,31,17,41,161,424
220,2021,35,49,35,23,30,172,506
220,2022,45,41,38,20,50,194,477
221,2016,19,16,21,11,22,89,429
221,2017,19,15,23,12,27,96,377
221,2018,32,19,20,10,29,110,456
221,2019,28,32,31,21,52,164,440
221,2020,22,51,36,21,47,177,444
221,2021,45,38,30,26,46,185,477
221,2022,27,50,42,19,37,175,522
222,2016,21,21,15,6,17,80,343
222,2017,17,14,19,18,19,87,383
222,2018,27,28,25,15,35,130,394
222,2019,31,39,32,19,44,165,511
222,2020,35,35,29,24,56,179,481
222,2021,56,42,36,26,53,213,522
222,2022,50,37,40,22,45,194,512
223,2016,22,20,19,12,20,93,363
223,2017,25,38,32,20,40,155,512
223,2018,20,25,33,16,22,116,395
223,2019,30,31,26,18,41,146,467
223,2020,30,40,15,13,31,129,416
223,2021,25,42,28,13,34,142,513
223,2022,37,32,16,18,27,130,444
224,2016,8,13,12,14,9,56,376
224,2017,13,17,17,8,18,73,374
224,2018,11,21,15,10,19,76,379
224,2019,21,25,15,12,20,93,401
224,2020,33,30,31,19,30,143,469
224,2021,24,39,22,13,30,128,469
224,2022,47,34,42,22,38,183,494
225,2016,22,22,31,21,32,128,472
225,2017,44,37,30,16,42,169,461
225,2018,29,35,28,29,37,158,446
225,2019,48,54,32,23,59,216,549
225,2020,38,53,36,26,59,212,541
225,2021,34,64,49,33,68,248,523
225,2022,44,43,40,26,55,208,537
226,2016,24,25,16,22,23,110,418
226,2017,42,25,17,19,29,132,430
226,2018,27,43,32,20,25,147,443
226,2019,43,25,18,21,41,148,490
226,2020,30,29,30,14,26,129,415
226,2021,33,37,34,16,28,148,467
226,2022,31,27,31,20,31,140,406
227,2016,16,16,8,9,16,65,350
227,2017,16,13,6,11,18,64,359
227,2018,19,27,21,15,25,107,372
227,2019,36,56,35,19,29,175,469
227,2020,28,30,32,22,41,153,435
227,2021,23,39,22,17,26,127,465
227,2022,37,27,20,17,39,140,456
228,2016,14,23,21,9,14,81,421
228,2017,24,17,15,10,25,91,386
228,2018,29,25,19,17,25,115,431
228,2019,39,30,30,23,37,159,430
228,2020,42,35,36,20,48,181,478
228,2021,49,35,39,22,44,189,480
228,2022,45,34,39,29,49,196,558
229,2016,23,41,23,16,39,142,463
229,2017,31,35,26,22,41,155,486
229,2018,36,37,24,21,48,166,508
229,2019,37,33,30,25,49,174,514
229,2020,35,46,33,25,51,190,516
229,2021,47,39,41,21,52,200,518
229,2022,37,43,31,20,56,187,517
230,2016,21,19,22,12,25,99,415
230,2017,19,18,12,12,19,80,419
230,2018,15,16,15,9,21,76,379
230,2019,21,19,18,10,20,88,402
230,2020,22,20,18,13,23,96,414
230,2021,19,17,17,8,19,80,386
230,2022,24,22,15,15,23,99,443
231,2016,13,7,9,13,13,55,319
231,2017,13,20,15,8,22,78,437
231,2018,14,17,14,10,27,82,423
231,2019,26,23,22,13,33,117,380
231,2020,30,26,36,10,42,144,487
231,2021,38,30,33,18,32,151,448
231,2022,34,42,39,14,42,171,484
232,2016,11,10,9,8,11,49,314
232,2017,21,19,8,15,14,77,419
232,2018,9,21,9,10,10,59,383
232,2019,34,37,26,17,25,139,475
232,2020,28,25,22,18,34,127,449
232,2021,31,26,18,22,23,120,418
232,2022,29,24,15,14,34,116,401
233,2016,28,19,10,11,24,92,377
233,2017,13,19,17,13,23,85,374
233,2018,25,28,24,18,36,131,421
233,2019,28,31,37,13,31,140,464
233,2020,25,41,39,24,52,181,518
233,2021,43,50,45,16,42,196,497
233,2022,45,45,31,27,61,209,559
234,2016,23,26,20,17,28,114,421
234,2017,38,25,37,9,33,142,449
234,2018,26,34,21,15,30,126,436
234,2019,26,49,27,16,36,154,416
234,2020,34,40,25,30,45,174,525
234,2021,25,51,32,32,37,177,458
234,2022,47,42,41,24,59,213,573
235,2016,7,13,14,8,20,62,351
235,2017,3,9,10,7,9,38,349
235,2018,10,13,7,10,16,56,338
235,2019,19,21,19,15,28,102,435
235,2020,14,28,13,11,19,85,425
235,2021,21,21,25,9,27,103,404
235,2022,21,29,17,12,21,100,395
236,2016,17,22,25,14,24,102,386
236,2017,28,22,26,19,29,124,466
236,2018,19,32,24,15,29,119,404
236,2019,23,28,26,20,36,133,480
236,2020,34,27,16,17,31,125,422
236,2021,29,35,32,18,37,151,505
236,2022,38,40,33,24,45,180,497
237,2016,14,24,18,15,29,100,428
237,2017,27,32,20,18,33,130,409
237,2018,18,32,20,14,24,108,431
237,2019,29,50,20,26,46,171,513
237,2020,33,25,28,21,39,146,435
237,2021,36,44,27,16,55,178,458
237,2022,47,40,41,21,43,192,467
238,2016,16,15,19,13,19,82,430
238,2017,21,15,15,16,19,86,446
238,2018,18,21,15,8,19,81,393
238,2019,19,23,17,16,37,112,419
238,2020,31,29,24,23,45,152,477
238,2021,42,29,27,13,38,149,470
238,2022,32,27,23,14,44,140,401
239,2016,10,9,4,9,15,47,351
239,2017,12,7,13,6,10,48,334
239,2018,13,14,8,5,12,52,388
239,2019,21,40,19,17,41,138,405
239,2020,29,34,28,17,28,136,459
239,2021,41,35,36,23,44,179,451
239,2022,46,36,38,26,51,197,513
240,2016,26,21,19,11,14,91,446
240,2017,12,16,16,7,11,62,362
240,2018,16,14,9,10,16,65,425
240,2019,31,23,26,17,40,137,429
240,2020,18,26,19,18,34,115,464
240,2021,24,33,22,20,32,131,474
240,2022,28,35,20,15,26,124,448
241,2016,12,10,10,6,15,53,339
241,2017,17,23,15,12,9,76,424
241,2018,17,15,16,7,17,72,408
241,2019,24,22,22,21,23,112,436
241,2020,27,25,19,14,29,114,402
241,2021,31,24,21,15,32,123,409
241,2022,26,35,24,9,41,135,479
242,2016,14,25,16,9,16,80,385
242,2017,18,23,25,9,18,93,461
242,2018,11,16,20,10,22,79,381
242,2019,17,22,18,14,27,98,357
242,2020,26,32,29,15,36,138,495
242,2021,23,25,29,17,28,122,428
242,2022,32,27,25,14,32,130,474
243,2016,19,14,13,15,33,94,398
243,2017,25,26,12,15,25,103,425
243,2018,31,24,25,12,30,122,402
243,2019,34,38,28,22,33,155,453
243,2020,33,39,21,26,45,164,486
243,2021,44,48,26,24,43,185,459
243,2022,45,50,48,19,37,199,530
244,2016,19,28,28,18,32,125,426
244,2017,29,32,30,28,43,162,522
244,2018,32,38,29,16,48,163,438
244,2019,49,50,46,28,46,219,517
244,2020,53,62,37,23,44,219,576
244,2021,48,44,43,30,53,218,485
244,2022,39,47,41,25,36,188,522
245,2016,53,47,49,19,39,207,488
245,2017,34,52,45,22,52,205,537
245,2018,36,50,37,31,35,189,520
245,2019,49,51,27,21,62,210,559
245,2020,47,47,31,31,54,210,558
245,2021,55,58,44,24,45,226,577
245,2022,53,54,43,29,57,236,562
246,2016,15,18,21,7,29,90,386
246,2017,24,24,23,16,29,116,450
246,2018,28,35,29,15,39,146,451
246,2019,26,29,34,19,42,150,486
246,2020,40,49,26,26,42,183,507
246,2021,32,38,28,20,59,177,509
246,2022,51,45,31,29,49,205,491
247,2016,20,13,15,6,21,75,362
247,2017,22,29,19,12,29,111,409
247,2018,21,37,29,12,36,135,481
247,2019,25,32,26,25,43,151,486
247,2020,30,30,24,16,30,130,403
247,2021,29,40,30,20,31,150,415
247,2022,39,42,36,22,25,164,510
248,2016,20,21,14,10,20,85,453
248,2017,18,15,18,19,17,87,418
248,2018,25,13,16,9,18,81,372
248,2019,19,33,15,16,30,113,412
248,2020,35,34,35,13,36,153,399
248,2021,37,34,18,20,48,157,434
248,2022,19,33,33,18,48,151,464
249,2016,15,13,19,7,13,67,437
249,2017,13,22,17,8,31,91,403
249,2018,31,27,18,18,40,134,416
249,2019,39,34,36,15,38,162,477
249,2020,34,38,32,13,38,155,459
249,2021,28,23,27,16,42,136,437
249,2022,29,30,40,15,46,160,443
250,2016,15,19,24,12,28,98,465
250,2017,24,23,18,15,26,106,382
250,2018,19,29,20,17,18,103,406
250,2019,34,28,29,24,41,156,437
250,2020,37,52,30,26,40,185,494
250,2021,46,45,39,20,51,201,482
250,2022,41,46,34,19,48,188,478
251,2016,11,7,18,10,15,61,414
251,2017,19,31,15,6,22,93,425
251,2018,17,17,14,7,26,81,350
251,2019,19,23,23,13,29,107,406
251,2020,25,38,27,10,36,136,437
251,2021,27,34,27,20,40,148,444
251,2022,43,41,28,24,44,180,448
252,2016,35,35,21,10,31,132,405
252,2017,27,28,25,17,26,123,429
252,2018,26,39,31,20,34,150,485
252,2019,38,25,36,19,39,157,470
252,2020,41,44,27,23,45,180,486
252,2021,46,39,42,21,68,216,589
252,2022,37,44,44,21,44,190,543
253,2016,14,5,11,5,16,51,352
253,2017,14,14,14,11,23,76,352
253,2018,15,14,13,11,14,67,353
253,2019,29,21,15,16,20,101,468
253,2020,23,23,19,11,20,96,409
253,2021,22,24,24,18,30,118,419
253,2022,21,42,20,17,28,128,464
254,2016,28,25,28,18,26,125,449
254,2017,24,23,26,14,27,114,385
254,2018,26,29,24,10,35,124,425
254,2019,29,42,19,17,38,145,407
254,2020,45,32,33,26,53,189,523
254,2021,35,50,37,19,50,191,462
254,2022,40,52,41,32,54,219,562
255,2016,15,16,21,15,22,89,352
255,2017,12,15,10,9,11,57,350
255,2018,20,23,17,13,21,94,432
255,2019,39,34,24,22,48,167,481
255,2020,29,40,41,13,56,179,477
255,2021,39,53,33,23,52,200,515
255,2022,35,41,31,24,54,185,516
256,2016,8,9,6,7,18,48,370
256,2017,13,13,14,15,11,66,418
256,2018,14,14,9,13,20,70,408
256,2019,15,20,27,10,32,104,424
256,2020,23,24,20,15,16,98,407
256,2021,23,26,13,7,28,97,420
256,2022,28,28,18,14,24,112,461
257,2016,10,7,10,6,5,38,377
257,2017,9,7,9,15,12,52,398
257,2018,14,20,11,5,11,61,415
257,2019,12,18,20,6,21,77,376
257,2020,25,29,19,18,25,116,439
257,2021,36,34,40,22,46,178,533
257,2022,22,20,18,13,26,99,393
258,2016,14,23,10,14,12,73,389
258,2017,29,32,23,13,22,119,463
258,2018,17,28,12,16,23,96,375
258,2019,35,29,29,11,38,142,451
258,2020,33,34,43,24,46,180,463
258,2021,35,45,46,22,56,204,551
258,2022,31,31,27,23,36,148,421
259,2016,16,18,22,11,27,94,407
259,2017,26,39,22,16,29,132,457
259,2018,22,28,28,12,28,118,457
259,2019,35,42,33,17,38,165,455
259,2020,34,47,32,15,54,182,502
259,2021,36,55,45,24,51,211,525
259,2022,54,55,43,25,43,220,488
260,2016,22,21,10,15,14,82,385
260,2017,21,19,13,4,31,88,365
260,2018,22,32,22,13,25,114,417
260,2019,35,30,26,14,32,137,421
260,2020,32,32,20,14,36,134,495
260,2021,32,32,29,22,37,152,427
260,2022,23,32,27,22,40,144,418
261,2016,13,14,14,14,25,80,366
261,2017,15,25,17,5,32,94,400
261,2018,22,16,18,15,20,91,421
261,2019,23,18,27,7,31,106,381
261,2020,31,23,14,14,33,115,413
261,2021,33,36,24,21,37,151,436
261,2022,35,32,22,18,38,145,508
262,2016,26,32,28,20,38,144,507
262,2017,33,44,32,20,50,179,518
262,2018,34,42,43,25,44,188,531
262,2019,47,40,45,35,50,217,561
262,2020,54,56,44,32,55,241,578
262,2021,36,59,37,30,59,221,510
262,2022,58,63,42,25,52,240,608
263,2016,7,12,6,13,13,51,403
263,2017,8,11,14,6,13,52,389
263,2018,14,19,9,15,15,72,371
263,2019,24,27,13,20,25,109,446
263,2020,21,27,20,22,31,121,451
263,2021,21,28,21,14,24,108,458
263,2022,35,32,19,20,38,144,438
264,2016,23,19,18,10,23,93,358
264,2017,17,28,11,9,21,86,422
264,2018,24,26,20,10,20,100,439
264,2019,19,27,24,20,36,126,472
264,2020,43,46,35,20,47,191,497
264,2021,40,39,39,19,35,172,507
264,2022,36,28,26,23,32,145,453
265,2016,18,37,22,14,29,120,436
265,2017,19,32,24,15,28,118,434
265,2018,35,34,26,11,36,142,422
265,2019,34,42,30,24,47,177,503
265,2020,37,39,23,11,50,160,454
265,2021,28,45,53,10,49,185,454
265,2022,40,44,34,20,35,173,494
266,2016,18,19,8,12,17,74,348
266,2017,15,19,19,13,30,96,450
266,2018,32,33,17,18,23,123,414
266,2019,34,35,27,16,32,144,460
266,2020,39,46,26,20,40,171,475
266,2021,28,44,27,18,27,144,467
266,2022,33,32,23,26,31,145,429
267,2016,16,13,13,5,15,62,424
267,2017,12,19,9,7,12,59,359
267,2018,15,10,12,11,16,64,376
267,2019,16,23,11,11,16,77,414
267,2020,23,21,14,9,17,84,395
267,2021,26,23,24,15,31,119,436
267,2022,21,24,23,10,29,107,397
268,2016,18,28,27,10,27,110,407
268,2017,24,19,27,13,26,109,408
268,2018,27,16,29,12,28,112,415
268,2019,25,28,17,23,44,137,412
268,2020,32,29,33,19,42,155,464
268,2021,25,26,31,23,40,145,482
268,2022,35,36,28,24,29,152,504
269,2016,18,13,25,14,32,102,419
269,2017,25,24,19,12,14,94,388
269,2018,14,20,18,12,10,74,392
269,2019,17,31,20,16,30,114,429
269,2020,30,34,19,18,29,130,472
269,2021,23,28,27,12,24,114,468
269,2022,27,25,27,14,38,131,399
270,2016,28,25,33,25,39,150,440
270,2017,29,31,30,13,34,137,417
270,2018,34,32,19,24,40,149,433
270,2019,37,43,36,23,42,181,513
270,2020,49,61,42,24,52,228,495
270,2021,43,54,39,25,48,209,497
270,2022,41,47,49,20,58,215,512
271,2016,16,26,16,18,25,101,443
271,2017,18,18,14,15,24,89,445
271,2018,20,21,21,12,23,97,445
271,2019,20,30,23,15,35,123,402
271,2020,34,29,28,13,33,137,432
271,2021,18,23,21,18,17,97,376
271,2022,28,39,41,16,48,172,476
272,2016,14,16,21,15,31,97,382
272,2017,25,27,21,17,28,118,398
272,2018,27,34,22,18,31,132,431
272,2019,42,35,25,23,43,168,527
272,2020,49,53,46,24,41,213,529
272,2021,35,39,28,21,52,175,522
272,2022,31,28,27,20,41,147,520
273,2016,18,14,20,12,19,83,403
273,2017,34,37,26,14,23,134,468
273,2018,19,19,21,15,14,88,335
273,2019,38,40,37,28,37,180,476
273,2020,36,43,25,31,47,182,485
273,2021,29,38,36,21,48,172,508
273,2022,40,43,37,25,34,179,521
274,2016,11,10,11,7,8,47,329
274,2017,8,11,11,6,12,48,396
274,2018,13,12,13,9,12,59,409
274,2019,15,19,22,13,25,94,388
274,2020,23,18,14,9,15,79,381
274,2021,20,27,20,10,24,101,436
274,2022,30,27,22,12,37,128,414
275,2016,15,17,15,9,20,76,403
275,2017,25,20,21,12,23,101,379
275,2018,25,23,24,12,22,106,391
275,2019,28,19,22,12,28,109,386
275,2020,38,37,24,13,43,155,447
275,2021,23,34,36,16,34,143,494
275,2022,35,43,24,22,26,150,458
276,2016,21,24,17,10,20,92,380
276,2017,22,18,29,8,38,115,441
276,2018,25,31,32,25,38,151,502
276,2019,46,42,24,14,41,167,521
276,2020,27,54,38,24,40,183,526
276,2021,38,36,28,31,43,176,534
276,2022,33,50,44,33,37,197,491
277,2016,29,25,20,20,14,108,398
277,2017,25,21,29,11,33,119,437
277,2018,16,19,14,12,24,85,403
277,2019,21,24,35,16,34,130,466
277,2020,21,37,28,15,38,139,479
277,2021,30,35,33,21,37,156,486
277,2022,40,37,29,14,49,169,505
278,2016,18,27,22,19,23,109,427
278,2017,18,24,28,15,24,109,444
278,2018,23,25,21,9,21,99,418
278,2019,28,22,21,11,26,108,430
278,2020,20,37,13,16,21,107,460
278,2021,23,23,35,16,15,112,414
278,2022,30,31,28,26,38,153,434
279,2016,10,5,7,5,13,40,332
279,2017,15,7,16,5,6,49,333
279,2018,4,8,14,7,6,39,377
279,2019,12,13,15,11,14,65,351
279,2020,13,16,24,12,15,80,386
279,2021,19,23,24,21,18,105,427
279,2022,28,28,22,18,32,128,466
280,2016,22,26,23,20,32,123,405
280,2017,26,26,19,20,23,114,453
280,2018,23,31,24,11,35,124,422
280,2019,44,50,35,16,48,193,472
280,2020,25,41,30,18,40,154,491
280,2021,41,39,36,12,45,173,443
280,2022,40,46,35,18,46,185,463
281,2016,31,40,29,23,40,163,501
281,2017,34,30,31,13,32,140,487
281,2018,32,37,24,17,46,156,510
281,2019,35,36,34,24,36,165,455
281,2020,35,38,28,23,38,162,428
281,2021,40,39,27,22,35,163,503
281,2022,52,51,30,24,52,209,525
282,2016,14,20,14,16,30,94,435
282,2017,19,25,12,14,20,90,411
282,2018,23,30,24,15,24,116,396
282,2019,47,39,29,23,36,174,475
282,2020,29,31,22,16,36,134,500
282,2021,28,26,23,11,27,115,436
282,2022,28,37,19,11,33,128,484
283,2016,15,21,12,10,20,78,363
283,2017,22,27,19,15,19,102,455
283,2018,17,25,24,16,33,115,446
283,2019,27,35,21,17,35,135,485
283,2020,36,35,44,13,53,181,487
283,2021,49,38,25,18,45,175,539
283,2022,45,45,33,22,59,204,507
284,2016,17,19,31,19,35,121,435
284,2017,29,28,23,20,26,126,444
284,2018,32,27,25,22,28,134,465
284,2019,34,35,32,26,58,185,495
284,2020,33,46,43,21,42,185,492
284,2021,41,52,38,30,49,210,545
284,2022,50,53,35,35,53,226,569
285,2016,13,9,12,16,20,70,412
285,2017,12,8,12,14,17,63,380
285,2018,14,21,18,6,21,80,377
285,2019,27,23,26,8,27,111,405
285,2020,32,42,24,26,29,153,488
285,2021,25,28,30,23,42,148,476
285,2022,24,36,28,21,21,130,445
286,2016,13,18,10,18,25,84,369
286,2017,28,36,26,18,29,137,510
286,2018,32,33,25,18,41,149,460
286,2019,22,33,28,25,38,146,502
286,2020,34,44,33,23,35,169,492
286,2021,32,36,37,20,29,154,413
286,2022,35,37,29,22,32,155,480
287,2016,24,21,30,14,29,118,387
287,2017,23,30,27,14,32,126,469
287,2018,22,28,24,13,26,113,443
287,2019,44,41,20,21,50,176,445
287,2020,34,32,27,25,45,163,524
287,2021,34,50,28,24,49,185,497
287,2022,38,44,37,20,43,182,497
288,2016,20,14,22,9,15,80,402
288,2017,16,21,14,12,14,77,438
288,2018,19,24,17,10,20,90,447
288,2019,27,35,29,24,35,150,510
288,2020,19,30,24,16,33,122,432
288,2021,25,42,25,15,43,150,492
288,2022,31,34,27,28,32,152,513
289,2016,24,36,23,13,25,121,454
289,2017,31,31,24,13,30,129,441
289,2018,25,37,42,22,30,156,454
289,2019,35,29,29,27,34,154,455
289,2020,33,37,33,28,38,169,436
289,2021,37,41,23,20,38,159,426
289,2022,41,53,28,28,50,200,473
290,2016,3,6,7,7,14,37,308
290,2017,12,14,12,11,18,67,415
290,2018,17,15,8,12,12,64,401
290,2019,18,27,24,13,25,107,375
290,2020,14,23,16,13,19,85,383
290,2021,31,33,22,15,35,136,453
290,2022,23,30,14,15,29,111,403
291,2016,19,20,17,13,21,90,452
291,2017,17,17,11,9,25,79,369
291,2018,21,13,15,6,20,75,376
291,2019,28,35,21,9,22,115,431
291,2020,12,19,16,13,21,81,397
291,2021,18,19,23,13,27,100,394
291,2022,37,32,29,10,31,139,418
292,2016,23,27,20,18,37,125,474
292,2017,37,42,33,21,33,166,446
292,2018,37,50,35,15,49,186,509
292,2019,46,39,46,28,54,213,557
292,2020,47,51,46,29,54,227,549
292,2021,42,56,35,19,59,211,513
292,2022,47,46,38,23,52,206,514
293,2016,14,9,16,8,27,74,355
293,2017,20,20,23,15,21,99,371
293,2018,15,15,19,18,30,97,412
293,2019,33,41,29,19,37,159,458
293,2020,41,34,17,20,31,143,442
293,2021,35,30,31,20,39,155,446
293,2022,33,41,37,28,48,187,511
294,2016,14,18,7,11,8,58,342
294,2017,13,13,12,11,8,57,392
294,2018,17,9,13,17,16,72,410
294,2019,21,28,26,12,21,108,374
294,2020,25,23,17,13,21,99,444
294,2021,25,30,15,15,31,116,434
294,2022,32,33,20,23,28,136,416
295,2016,18,28,13,11,26,96,446
295,2017,25,26,23,18,26,118,461
295,2018,21,36,24,15,34,130,426
295,2019,27,38,26,15,38,144,493
295,2020,41,38,29,19,39,166,474
295,2021,26,38,37,16,34,151,471
295,2022,41,37,37,24,35,174,447
296,2016,20,21,15,17,16,89,361
296,2017,18,23,16,10,22,89,385
296,2018,23,23,21,16,29,112,445
296,2019,32,56,35,18,45,186,475
296,2020,34,36,36,27,38,171,520
296,2021,32,35,33,20,57,177,471
296,2022,41,60,32,21,52,206,560
297,2016,8,11,6,11,8,44,374
297,2017,13,20,19,3,20,75,394
297,2018,12,25,23,11,20,91,410
297,2019,16,28,31,19,36,130,487
297,2020,26,40,34,23,35,158,444
297,2021,42,39,27,23,33,164,499
297,2022,36,34,33,20,24,147,448
298,2016,27,30,27,22,39,145,476
298,2017,41,39,41,14,44,179,489
298,2018,39,30,33,15,31,148,492
298,2019,38,43,28,12,61,182,486
298,2020,35,42,28,17,48,170,458
298,2021,25,44,33,27,45,174,472
298,2022,35,28,41,20,32,156,448
299,2016,18,15,18,10,12,73,404
299,2017,22,14,18,10,33,97,465
299,2018,23,28,20,12,19,102,397
299,2019,32,35,37,25,34,163,491
299,2020,20,17,23,17,33,110,401
299,2021,39,40,30,19,40,168,464
299,2022,37,39,33,27,37,173,502
300,2016,38,44,18,19,40,159,515
300,2017,21,23,23,18,37,122,427
300,2018,25,32,31,14,30,132,438
300,2019,48,42,34,19,45,188,480
300,2020,58,44,42,22,53,219,534
300,2021,48,41,40,33,48,210,536
300,2022,51,41,41,26,50,209,510
