模型,核心变量,coefficient,std_err,t_value,p_value,significance,N,R2
(1) 混合OLS,Dig,1.0231,0.04,25.601,0.0,***,2100,0.4074
(2) 双向固定效应,Dig,0.4286,0.0773,5.543,0.0,***,2100,0.5821
(3) 占比口径,Dig_share,0.0198,0.0034,5.813,0.0,***,2100,0.5819
(4) 熵权指数,Dig_ent,1.5378,0.1869,8.23,0.0,***,2100,0.5909
(5) 滞后一期,Dig_lag,0.2238,0.0911,2.456,0.0141,**,1800,0.5975
国企,Dig,0.374,0.1491,2.509,0.0121,**,784,0.6329
非国企,Dig,0.4459,0.105,4.249,0.0,***,1316,0.5481
高新技术行业,Dig,0.5183,0.1402,3.696,0.0002,***,798,0.562
其他行业,Dig,0.372,0.107,3.477,0.0005,***,1302,0.596
