keyword,freq
电子商务,6348
数字化转型,6287
工业互联网,6156
数字化运营,6136
线上平台,6124
数字营销,6097
智慧工厂,6087
数字金融,6084
物联网,6084
智能制造,6049
数字化,5949
数据中台,5488
数据分析,5394
数据挖掘,5389
用户画像,5350
数据驱动,5342
海量数据,5318
数据仓库,5315
数据可视化,5311
实时计算,5308
数据资产,5280
数据治理,5270
大数据,5268
神经网络,4829
图像识别,4815
计算机视觉,4801
人工智能,4791
深度学习,4760
智能机器人,4752
智能算法,4745
机器学习,4745
自然语言处理,4738
语音识别,4722
专家系统,4708
智能控制,4682
云存储,4408
容器化,4399
混合云,4378
云平台,4376
云服务,4368
云计算,4362
私有云,4302
算力,4297
虚拟化,4274
公有云,4273
边缘计算,4265
IDC,4261
哈希算法,3601
智能合约,3563
分布式账本,3559
