firm_id,stock_code,industry,soe,list_year
1,600000,信息技术,0,2007
2,600007,高端制造,1,2002
3,600014,医药生物,0,2004
4,600021,批发零售,0,1995
5,600028,金融保险,0,2002
6,600035,交通运输,0,1997
7,600042,能源材料,0,1994
8,600049,房地产,1,2014
9,600056,信息技术,1,2009
10,600063,高端制造,1,2008
11,600070,医药生物,1,2003
12,600077,批发零售,0,1995
13,600084,金融保险,0,2002
14,600091,交通运输,0,2010
15,600098,能源材料,1,2010
16,600105,房地产,0,2010
17,600112,信息技术,1,1998
18,600119,高端制造,0,1995
19,600126,医药生物,0,1994
20,600133,批发零售,0,2005
21,600140,金融保险,0,1993
22,600147,交通运输,1,1998
23,600154,能源材料,0,2014
24,600161,房地产,1,2007
25,600168,信息技术,0,2008
26,600175,高端制造,1,2003
27,600182,医药生物,0,1998
28,600189,批发零售,1,1999
29,600196,金融保险,0,2003
30,600203,交通运输,0,2008
31,600210,能源材料,1,1994
32,600217,房地产,1,1995
33,600224,信息技术,1,2003
34,600231,高端制造,0,2011
35,600238,医药生物,0,2006
36,600245,批发零售,0,1994
37,600252,金融保险,1,1996
38,600259,交通运输,0,2005
39,600266,能源材料,1,1996
40,600273,房地产,1,2014
41,600280,信息技术,0,1996
42,600287,高端制造,1,2005
43,600294,医药生物,1,2001
44,600301,批发零售,0,2011
45,600308,金融保险,1,1998
46,600315,交通运输,1,2007
47,600322,能源材料,1,1996
48,600329,房地产,0,2005
49,600336,信息技术,1,2006
50,600343,高端制造,1,2004
51,600350,医药生物,0,1996
52,600357,批发零售,0,2012
53,600364,金融保险,0,2000
54,600371,交通运输,0,2007
55,600378,能源材料,1,1993
56,600385,房地产,1,1995
57,600392,信息技术,1,2014
58,600399,高端制造,1,2010
59,600406,医药生物,1,1993
60,600413,批发零售,0,2007
61,600420,金融保险,0,1993
62,600427,交通运输,1,2008
63,600434,能源材料,1,1995
64,600441,房地产,1,2003
65,600448,信息技术,0,1996
66,600455,高端制造,0,2006
67,600462,医药生物,0,2009
68,600469,批发零售,1,2010
69,600476,金融保险,0,2003
70,600483,交通运输,0,1998
71,600490,能源材料,0,2013
72,600497,房地产,0,2002
73,600504,信息技术,0,2011
74,600511,高端制造,0,2010
75,600518,医药生物,1,2013
76,600525,批发零售,1,1996
77,600532,金融保险,1,2008
78,600539,交通运输,0,1994
79,600546,能源材料,1,2014
80,600553,房地产,1,2004
81,600560,信息技术,0,2013
82,600567,高端制造,0,2002
83,600574,医药生物,1,2011
84,600581,批发零售,0,2011
85,600588,金融保险,0,2009
86,600595,交通运输,0,1995
87,600602,能源材料,0,1998
88,600609,房地产,0,1998
89,600616,信息技术,0,2009
90,600623,高端制造,1,2000
91,600630,医药生物,0,2009
92,600637,批发零售,0,2000
93,600644,金融保险,0,1994
94,600651,交通运输,0,1999
95,600658,能源材料,1,2006
96,600665,房地产,1,2008
97,600672,信息技术,0,2002
98,600679,高端制造,1,2010
99,600686,医药生物,0,1996
100,600693,批发零售,0,1996
101,600700,金融保险,0,2004
102,600707,交通运输,1,2003
103,600714,能源材料,0,2009
104,600721,房地产,1,2002
105,600728,信息技术,1,2010
106,600735,高端制造,1,2001
107,600742,医药生物,0,1995
108,600749,批发零售,0,2009
109,600756,金融保险,0,1993
110,600763,交通运输,0,2008
111,600770,能源材料,0,1993
112,600777,房地产,0,2008
113,600784,信息技术,0,1993
114,600791,高端制造,1,1999
115,600798,医药生物,1,2010
116,600805,批发零售,1,2011
117,600812,金融保险,1,2002
118,600819,交通运输,0,1996
119,600826,能源材料,1,1996
120,600833,房地产,1,1994
121,600840,信息技术,0,2014
122,600847,高端制造,0,2013
123,600854,医药生物,0,1994
124,600861,批发零售,1,2011
125,600868,金融保险,0,2009
126,600875,交通运输,1,2006
127,600882,能源材料,1,2001
128,600889,房地产,0,1995
129,600896,信息技术,0,2002
130,600903,高端制造,0,1996
131,600910,医药生物,0,1996
132,600917,批发零售,0,1996
133,600924,金融保险,1,1995
134,600931,交通运输,0,1999
135,600938,能源材料,1,2013
136,600945,房地产,0,2005
137,600952,信息技术,0,2000
138,600959,高端制造,0,2005
139,600966,医药生物,0,1997
140,600973,批发零售,0,2002
141,600980,金融保险,0,2011
142,600987,交通运输,1,2004
143,600994,能源材料,0,2011
144,601001,房地产,1,1994
145,601008,信息技术,1,2002
146,601015,高端制造,1,2011
147,601022,医药生物,0,2004
148,601029,批发零售,1,2014
149,601036,金融保险,0,2013
150,601043,交通运输,0,2007
151,601050,能源材料,0,2013
152,601057,房地产,0,2014
153,601064,信息技术,0,2000
154,601071,高端制造,0,1994
155,601078,医药生物,0,2013
156,601085,批发零售,0,1993
157,601092,金融保险,1,1998
158,601099,交通运输,0,1998
159,601106,能源材料,1,2008
160,601113,房地产,0,2001
161,601120,信息技术,0,2001
162,601127,高端制造,0,2004
163,601134,医药生物,0,2014
164,601141,批发零售,1,2013
165,601148,金融保险,0,2008
166,601155,交通运输,1,2002
167,601162,能源材料,0,2008
168,601169,房地产,0,2014
169,601176,信息技术,0,2006
170,601183,高端制造,0,2010
171,601190,医药生物,0,2002
172,601197,批发零售,0,2014
173,601204,金融保险,0,2014
174,601211,交通运输,0,2003
175,601218,能源材料,1,1997
176,601225,房地产,0,2005
177,601232,信息技术,1,2001
178,601239,高端制造,0,1995
179,601246,医药生物,0,2001
180,601253,批发零售,0,1994
181,601260,金融保险,0,2004
182,601267,交通运输,0,1993
183,601274,能源材料,1,2010
184,601281,房地产,0,2011
185,601288,信息技术,1,2007
186,601295,高端制造,0,1994
187,601302,医药生物,0,2004
188,601309,批发零售,0,1996
189,601316,金融保险,1,1995
190,601323,交通运输,1,2001
191,601330,能源材料,1,2002
192,601337,房地产,0,2002
193,601344,信息技术,1,2005
194,601351,高端制造,0,2000
195,601358,医药生物,1,2011
196,601365,批发零售,0,1998
197,601372,金融保险,0,2005
198,601379,交通运输,0,2010
199,601386,能源材料,1,1996
200,601393,房地产,0,2005
201,601400,信息技术,1,2013
202,601407,高端制造,1,2014
203,601414,医药生物,0,2010
204,601421,批发零售,0,1999
205,601428,金融保险,1,2014
206,601435,交通运输,1,1999
207,601442,能源材料,1,1995
208,601449,房地产,0,2004
209,601456,信息技术,1,1998
210,601463,高端制造,0,2000
211,601470,医药生物,0,2003
212,601477,批发零售,1,1994
213,601484,金融保险,0,1994
214,601491,交通运输,1,1993
215,601498,能源材料,0,1998
216,601505,房地产,0,2005
217,601512,信息技术,0,2014
218,601519,高端制造,0,2011
219,601526,医药生物,0,2009
220,601533,批发零售,0,2010
221,601540,金融保险,1,2011
222,601547,交通运输,1,1994
223,601554,能源材料,0,1999
224,601561,房地产,0,2009
225,601568,信息技术,0,1994
226,601575,高端制造,1,1996
227,601582,医药生物,0,2001
228,601589,批发零售,0,1995
229,601596,金融保险,1,2002
230,601603,交通运输,0,2006
231,601610,能源材料,1,2011
232,601617,房地产,0,2012
233,601624,信息技术,0,2009
234,601631,高端制造,0,2005
235,601638,医药生物,0,2000
236,601645,批发零售,0,2004
237,601652,金融保险,1,2000
238,601659,交通运输,0,2014
239,601666,能源材料,0,2012
240,601673,房地产,0,2009
241,601680,信息技术,0,2013
242,601687,高端制造,0,2005
243,601694,医药生物,1,2002
244,601701,批发零售,0,2009
245,601708,金融保险,0,2006
246,601715,交通运输,0,2000
247,601722,能源材料,0,1994
248,601729,房地产,1,1997
249,601736,信息技术,1,1993
250,601743,高端制造,0,2014
251,601750,医药生物,1,2014
252,601757,批发零售,1,1997
253,601764,金融保险,0,1998
254,601771,交通运输,1,2007
255,601778,能源材料,0,2009
256,601785,房地产,0,2012
257,601792,信息技术,1,1997
258,601799,高端制造,0,2005
259,601806,医药生物,1,2002
260,601813,批发零售,0,1996
261,601820,金融保险,0,1995
262,601827,交通运输,0,2009
263,601834,能源材料,1,2001
264,601841,房地产,0,1998
265,601848,信息技术,0,1995
266,601855,高端制造,1,2011
267,601862,医药生物,0,1994
268,601869,批发零售,0,2012
269,601876,金融保险,0,2000
270,601883,交通运输,0,1995
271,601890,能源材料,0,2014
272,601897,房地产,1,1997
273,601904,信息技术,0,1994
274,601911,高端制造,1,2003
275,601918,医药生物,0,2001
276,601925,批发零售,1,2003
277,601932,金融保险,0,2007
278,601939,交通运输,1,2006
279,601946,能源材料,0,2009
280,601953,房地产,1,1993
281,601960,信息技术,1,2010
282,601967,高端制造,1,2006
283,601974,医药生物,0,2007
284,601981,批发零售,1,2006
285,601988,金融保险,0,2005
286,601995,交通运输,0,1993
287,602002,能源材料,0,1996
288,602009,房地产,0,1999
289,602016,信息技术,0,2005
290,602023,高端制造,0,2004
291,602030,医药生物,0,1998
292,602037,批发零售,0,1995
293,602044,金融保险,1,2010
294,602051,交通运输,1,1997
295,602058,能源材料,1,2009
296,602065,房地产,0,1996
297,602072,信息技术,0,2009
298,602079,高端制造,0,2013
299,602086,医药生物,0,2002
300,602093,批发零售,0,2008
